<?xml version="1.0" encoding="utf-8" ?>
<level>
	<action tile="0">
		<loadBMP>
			<fileName>boss.bmp</fileName>
		</loadBMP>
		<changeSpeed>
			<speed>80</speed>
		</changeSpeed>
	</action>
	<action tile="20">
		<createBoss>
			<name>Boss</name>
			<height>300</height>
			<width>300</width>
			<radius>150</radius>
			<grabbable>false</grabbable>
			<texture name="energyball" tag="0"/>
			<startCenter x="512" y="-150"/>
			<health>3000</health>
			<blendMode>Additive</blendMode>
			<shield>0</shield>
			<damageEffect name="Explosion" tag="3" animation="Explosion" fps="23"/>
			<deathEffect name="supernova"/>
			<shipPart>
				<offsetDistance>150</offsetDistance>
				<createShip>
					<name>boss_part1</name>
					<height>150</height>
					<width>150</width>
					<radius>75</radius>
					<grabbable>false</grabbable>
					<texture name="energyball" tag="0"/>
					<startCenter x="512" y="150"/>
					<health>300</health>
					<damageEffect name="Explosion" tag="3" animation="Explosion" fps="23"/>
					<shipPart>
						<offsetDistance>75</offsetDistance>
						<createShip>
							<name>boss_part1_subpart1</name>
							<height>50</height>
							<width>50</width>
							<radius>25</radius>
							<grabbable>false</grabbable>
							<texture name="energyball" tag="0"/>
							<startCenter x="512" y="150"/>
							<health>300</health>
							<damageEffect name="Explosion" tag="3" animation="Explosion" fps="23"/>
							<weapon type="Straight" angle="0">
								<delay>0.5</delay>
								<speed>400</speed>
								<shot>
									<damage>5</damage>
									<height>16</height>
									<width>16</width>
									<radius>8</radius>
									<blendMode>Additive</blendMode>
									<texture name="energyball"/>
									<animation name="energyball" fps="30"/>
								</shot>
							</weapon>
							<task type="Parallel">
								<task type="RotateToAngle">
									<degree>90</degree>
								</task>
								<task type="Fire"/>
							</task>							
						</createShip>
					</shipPart>
					<shipPart>
						<offsetDistance>75</offsetDistance>
						<offsetAngleDegrees>120</offsetAngleDegrees>
						<createShip>
							<name>boss_part1_subpart2</name>
							<height>50</height>
							<width>50</width>
							<radius>25</radius>
							<grabbable>false</grabbable>
							<texture name="energyball" tag="0"/>
							<startCenter x="512" y="150"/>
							<health>300</health>
							<damageEffect name="Explosion" tag="3" animation="Explosion" fps="23"/>
							<weapon type="Straight" angle="0">
								<delay>0.8</delay>
								<speed>400</speed>
								<shot>
									<damage>5</damage>
									<height>16</height>
									<width>16</width>
									<radius>8</radius>
									<blendMode>Additive</blendMode>
									<texture name="energyball"/>
									<animation name="energyball" fps="30"/>
								</shot>
							</weapon>
							<task type="Parallel">
								<task type="RotateToAngle">
									<degree>135</degree>
								</task>
								<task type="Fire"/>
							</task>
						</createShip>
					</shipPart>
					<shipPart>
						<offsetDistance>75</offsetDistance>
						<offsetAngleDegrees>240</offsetAngleDegrees>
						<createShip>
							<name>boss_part1_subpart3</name>
							<height>50</height>
							<width>50</width>
							<radius>25</radius>
							<grabbable>false</grabbable>
							<texture name="energyball" tag="0"/>
							<startCenter x="512" y="150"/>
							<health>300</health>
							<damageEffect name="Explosion" tag="3" animation="Explosion" fps="23"/>
							<weapon type="Straight" angle="0">
								<delay>0.8</delay>
								<speed>400</speed>
								<shot>
									<damage>5</damage>
									<height>16</height>
									<width>16</width>
									<radius>8</radius>
									<blendMode>Additive</blendMode>
									<texture name="energyball"/>
									<animation name="energyball" fps="30"/>
								</shot>
							</weapon>
							<task type="Parallel">
								<task type="RotateToAngle">
									<degree>45</degree>
								</task>
								<task type="Fire"/>
							</task>
						</createShip>
					</shipPart>
					<weapon type="Straight" angle="0">
						<delay>0.5</delay>
						<speed>400</speed>
						<shot>
							<damage>5</damage>
							<height>16</height>
							<width>16</width>
							<radius>8</radius>
							<blendMode>Additive</blendMode>
							<texture name="energyballpld"/>
							<animation name="energyballpld" fps="30"/>
						</shot>
					</weapon>
					<task type="RepeatingSequence">
						<task type="Parallel">
							<task type="RotateByAngle">
								<degree>-40</degree>
							</task>
							<task type="Fire"/>
						</task>
					</task>
				</createShip>
			</shipPart>
			<shipPart>
				<offsetDistance>150</offsetDistance>
				<offsetAngleDegrees>120</offsetAngleDegrees>
				<createShip>
					<name>boss_part2</name>
					<height>150</height>
					<width>150</width>
					<radius>75</radius>
					<grabbable>false</grabbable>
					<texture name="energyball" tag="0"/>
					<startCenter x="512" y="150"/>
					<health>300</health>
					<damageEffect name="Explosion" tag="3" animation="Explosion" fps="23"/>
					<shipPart>
						<offsetDistance>75</offsetDistance>
						<createShip>
							<name>boss_part2_subpart1</name>
							<height>50</height>
							<width>50</width>
							<radius>25</radius>
							<grabbable>false</grabbable>
							<texture name="energyball" tag="0"/>
							<startCenter x="512" y="150"/>
							<health>300</health>
							<damageEffect name="Explosion" tag="3" animation="Explosion" fps="23"/>
							<weapon type="Straight" angle="0">
								<delay>0.5</delay>
								<speed>400</speed>
								<shot>
									<damage>5</damage>
									<height>16</height>
									<width>16</width>
									<radius>8</radius>
									<blendMode>Additive</blendMode>
									<texture name="energyball"/>
									<animation name="energyball" fps="30"/>
								</shot>
							</weapon>
							<task type="Parallel">
								<task type="RotateToAngle">
									<degree>90</degree>
								</task>
								<task type="Fire"/>
							</task>
						</createShip>
					</shipPart>
					<shipPart>
						<offsetDistance>75</offsetDistance>
						<offsetAngleDegrees>120</offsetAngleDegrees>
						<createShip>
							<name>boss_part2_subpart2</name>
							<height>50</height>
							<width>50</width>
							<radius>25</radius>
							<grabbable>false</grabbable>
							<texture name="energyball" tag="0"/>
							<startCenter x="512" y="150"/>
							<health>300</health>
							<damageEffect name="Explosion" tag="3" animation="Explosion" fps="23"/>
							<weapon type="Straight" angle="0">
								<delay>0.8</delay>
								<speed>400</speed>
								<shot>
									<damage>5</damage>
									<height>16</height>
									<width>16</width>
									<radius>8</radius>
									<blendMode>Additive</blendMode>
									<texture name="energyball"/>
									<animation name="energyball" fps="30"/>
								</shot>
							</weapon>
							<task type="Parallel">
								<task type="RotateToAngle">
									<degree>135</degree>
								</task>
								<task type="Fire"/>
							</task>
						</createShip>
					</shipPart>
					<shipPart>
						<offsetDistance>75</offsetDistance>
						<offsetAngleDegrees>240</offsetAngleDegrees>
						<createShip>
							<name>boss_part2_subpart3</name>
							<height>50</height>
							<width>50</width>
							<radius>25</radius>
							<grabbable>false</grabbable>
							<texture name="energyball" tag="0"/>
							<startCenter x="512" y="150"/>
							<health>300</health>
							<damageEffect name="Explosion" tag="3" animation="Explosion" fps="23"/>
							<weapon type="Straight" angle="0">
								<delay>0.8</delay>
								<speed>400</speed>
								<shot>
									<damage>5</damage>
									<height>16</height>
									<width>16</width>
									<radius>8</radius>
									<blendMode>Additive</blendMode>
									<texture name="energyball"/>
									<animation name="energyball" fps="30"/>
								</shot>
							</weapon>
							<task type="Parallel">
								<task type="RotateToAngle">
									<degree>45</degree>
								</task>
								<task type="Fire"/>
							</task>
						</createShip>
					</shipPart>
					<weapon type="Straight" angle="0">
						<delay>0.5</delay>
						<speed>400</speed>
						<shot>
							<damage>5</damage>
							<height>16</height>
							<width>16</width>
							<radius>8</radius>
							<blendMode>Additive</blendMode>
							<texture name="energyballpld"/>
							<animation name="energyballpld" fps="30"/>
						</shot>
					</weapon>
					<task type="RepeatingSequence">
						<task type="Parallel">
							<task type="RotateByAngle">
								<degree>-40</degree>
							</task>
							<task type="Fire"/>
						</task>
					</task>
				</createShip>
			</shipPart>
			<shipPart>
				<offsetDistance>150</offsetDistance>
				<offsetAngleDegrees>240</offsetAngleDegrees>
				<createShip>
					<name>boss_part3</name>
					<height>150</height>
					<width>150</width>
					<radius>75</radius>
					<grabbable>false</grabbable>
					<texture name="energyball" tag="0"/>
					<startCenter x="512" y="150"/>
					<health>300</health>
					<damageEffect name="Explosion" tag="3" animation="Explosion" fps="23"/>
					<shipPart>
						<offsetDistance>75</offsetDistance>
						<createShip>
							<name>boss_part3_subpart1</name>
							<height>50</height>
							<width>50</width>
							<radius>25</radius>
							<grabbable>false</grabbable>
							<texture name="energyball" tag="0"/>
							<startCenter x="512" y="150"/>
							<health>300</health>
							<damageEffect name="Explosion" tag="3" animation="Explosion" fps="23"/>
							<weapon type="Straight" angle="0">
								<delay>0.5</delay>
								<speed>400</speed>
								<shot>
									<damage>5</damage>
									<height>16</height>
									<width>16</width>
									<radius>8</radius>
									<blendMode>Additive</blendMode>
									<texture name="energyball"/>
									<animation name="energyball" fps="30"/>
								</shot>
							</weapon>
							<task type="Parallel">
								<task type="RotateToAngle">
									<degree>90</degree>
								</task>
								<task type="Fire"/>
							</task>
						</createShip>
					</shipPart>
					<shipPart>
						<offsetDistance>75</offsetDistance>
						<offsetAngleDegrees>120</offsetAngleDegrees>
						<createShip>
							<name>boss_part3_subpart2</name>
							<height>50</height>
							<width>50</width>
							<radius>25</radius>
							<grabbable>false</grabbable>
							<texture name="energyball" tag="0"/>
							<startCenter x="512" y="150"/>
							<health>300</health>
							<damageEffect name="Explosion" tag="3" animation="Explosion" fps="23"/>
							<weapon type="Straight" angle="0">
								<delay>0.8</delay>
								<speed>400</speed>
								<shot>
									<damage>5</damage>
									<height>16</height>
									<width>16</width>
									<radius>8</radius>
									<blendMode>Additive</blendMode>
									<texture name="energyball"/>
									<animation name="energyball" fps="30"/>
								</shot>
							</weapon>
							<task type="Parallel">
								<task type="RotateToAngle">
									<degree>135</degree>
								</task>
								<task type="Fire"/>
							</task>
						</createShip>
					</shipPart>
					<shipPart>
						<offsetDistance>75</offsetDistance>
						<offsetAngleDegrees>240</offsetAngleDegrees>
						<createShip>
							<name>boss_part3_subpart3</name>
							<height>50</height>
							<width>50</width>
							<radius>25</radius>
							<grabbable>false</grabbable>
							<texture name="energyball" tag="0"/>
							<startCenter x="512" y="150"/>
							<health>300</health>
							<damageEffect name="Explosion" tag="3" animation="Explosion" fps="23"/>
							<weapon type="Straight" angle="0">
								<delay>0.8</delay>
								<speed>400</speed>
								<shot>
									<damage>5</damage>
									<height>16</height>
									<width>16</width>
									<radius>8</radius>
									<blendMode>Additive</blendMode>
									<texture name="energyball"/>
									<animation name="energyball" fps="30"/>
								</shot>
							</weapon>
							<task type="Parallel">
								<task type="RotateToAngle">
									<degree>45</degree>
								</task>
								<task type="Fire"/>
							</task>
						</createShip>
					</shipPart>
					<weapon type="Straight" angle="0">
						<delay>0.5</delay>
						<speed>400</speed>
						<shot>
							<damage>5</damage>
							<height>16</height>
							<width>16</width>
							<radius>8</radius>
							<blendMode>Additive</blendMode>
							<texture name="energyballpld"/>
							<animation name="energyballpld" fps="30"/>
						</shot>
					</weapon>
					<task type="RepeatingSequence">
						<task type="Parallel">
							<task type="RotateByAngle">
								<degree>-40</degree>
							</task>
							<task type="Fire"/>
						</task>
					</task>
				</createShip>
			</shipPart>
			<task type="RepeatingSequence">
				<task type="Parallel">
					<task type="Stationary"/>
					<task type="RotateByAngle">
						<degree>20</degree>
					</task>
				</task>				
			</task>
		</createBoss>
	</action>
	<action tile="32">
		<changeSpeed>
			<speed>0</speed>
		</changeSpeed>
		<createSpawnPoint>
			<delay>10</delay>
			<name>W2_E</name>
			<type>time</type>
			<object>
				<height>32</height>
				<width>32</width>
				<radius>16</radius>
				<texture name="virus1"/>
				<startTile x="17" y="0" />
				<health>50</health>
				<damageEffect name="Explosion" tag="3" animation="Explosion" fps="23"/>
				<deathEffect name="ExplosionBig"/>
				<task type="SeekTarget">
					<target>Player</target>
					<speed>100</speed>
				</task>
			</object>
		</createSpawnPoint>
		<pleaseLoadBMP>
			<fileName>escape.bmp</fileName>
		</pleaseLoadBMP>
	</action>
	<action tile="40">
		<changeFile>
			<fileName>Escape.xml</fileName>
		</changeFile>
	</action>
</level>