﻿<?xml version="1.0" encoding="utf-8" ?>
<level>
	<action tile="0">
		<loadBMP>
			<fileName>gate3.bmp</fileName>
		</loadBMP>
		<changeSpeed>
			<speed>80</speed>
		</changeSpeed>
	</action>
	<action tile="10">
		<createGate>
			<gate>
				<name>gate3_1</name>
				<numRows>3</numRows>
				<numCols>5</numCols>
				<faction>Environment</faction>
				<texture name="walls\plaque"/>
				<deathEffect name="ExplosionBig" />
				<startTile x="22" y="-2"/>
				<task type="Stationary"/>
			</gate>
			<trigger>
				<name>gate3_1T</name>
				<height>32</height>
				<width>64</width>
				<texture name="trigger" pos="0"/>
				<blendMode>Additive</blendMode>
				<startCenter x="480" y="-48"/>
				<degree>0</degree>
				<task type="Stationary"/>
			</trigger>
			<wall>
				<name>gate3_1B</name>
				<numRows>1</numRows>
				<numCols>7</numCols>
				<faction>ClearWall</faction>
				<texture name="walls\plaque_clear"/>
				<deathEffect name="ExplosionBig" />
				<startTile x="1" y="0"/>
				<task type="Stationary"/>
			</wall>
		</createGate>
	</action>
	<action tile="24">
		<changeSpeed>
			<speed>0</speed>
		</changeSpeed>
	</action>
	<action tile="37">
		<createShip>
			<name>bump1</name>
			<height>40</height>
			<width>40</width>
			<radius>20</radius>
			<texture name="bump"/>
			<startTile x="18" y="-12"/>
			<health>5</health>
			<grabbable>false</grabbable>
			<deathEffect name="ExplosionBig"/>
			<task type="StationaryBackground"/>
		</createShip>
		<createGate>
			<gate>
				<name>gate3_2L</name>
				<numRows>3</numRows>
				<numCols>5</numCols>
				<faction>Environment</faction>
				<texture name="walls\plaque"/>
				<deathEffect name="ExplosionBig" />
				<startTile x="11" y="-9"/>
				<task type="Stationary"/>
			</gate>
			<trigger>
				<name>gate3_2LT</name>
				<height>32</height>
				<width>64</width>
				<texture name="trigger" pos="0"/>
				<blendMode>Additive</blendMode>
				<startCenter x="112" y="-144"/>
				<degree>0</degree>
				<task type="Stationary"/>
				<endGate>false</endGate>
			</trigger>
			<wall>
				<name>gate3_2LB</name>
				<numRows>2</numRows>
				<numCols>3</numCols>
				<faction>ClearWall</faction>
				<texture name="walls\plaque_clear"/>
				<deathEffect name="ExplosionBig" />
				<startTile x="6" y="-5"/>
				<task type="Stationary"/>
			</wall>
		</createGate>
		<createGate>
			<gate>
				<name>gate3_2R</name>
				<numRows>3</numRows>
				<numCols>5</numCols>
				<faction>Environment</faction>
				<texture name="walls\plaque"/>
				<deathEffect name="ExplosionBig" />
				<startTile x="16" y="-9"/>
				<task type="Stationary"/>
			</gate>
			<trigger>
				<name>gate3_2RT</name>
				<height>64</height>
				<width>32</width>
				<texture name="trigger" pos="0"/>
				<blendMode>Additive</blendMode>
				<startCenter x="816" y="-176"/>
				<degree>0</degree>
				<task type="Stationary"/>
				<endGate>false</endGate>
			</trigger>
			<wall>
				<name>gate3_2RB</name>
				<numRows>3</numRows>
				<numCols>2</numCols>
				<faction>ClearWall</faction>
				<texture name="walls\plaque_clear"/>
				<deathEffect name="ExplosionBig" />
				<startTile x="25" y="-3"/>
				<task type="Stationary"/>
			</wall>
		</createGate>
	</action>
	<action tile="52">
		<createGate>
			<gate>
				<name>gate3_2L</name>
				<numRows>3</numRows>
				<numCols>5</numCols>
				<faction>Environment</faction>
				<texture name="walls\plaque"/>
				<deathEffect name="ExplosionBig" />
				<startTile x="5" y="-1"/>
				<task type="Stationary"/>
			</gate>
			<gate>
				<name>gate3_2R</name>
				<numRows>3</numRows>
				<numCols>5</numCols>
				<faction>Environment</faction>
				<texture name="walls\plaque"/>
				<deathEffect name="ExplosionBig" />
				<startTile x="22" y="-1"/>
				<task type="Stationary"/>
			</gate>
			<trigger>
				<name>gate3_2T</name>
				<height>32</height>
				<width>64</width>
				<texture name="trigger" pos="0"/>
				<blendMode>Additive</blendMode>
				<startTile x="14.5" y="0"/>
				<degree>0</degree>
				<bound>Rectangle</bound>
				<task type="Stationary"/>
			</trigger>
			<guardian>
				<name>gate3_2G</name>
				<height>94</height>
				<width>93</width>
				<radius>46</radius>
				<health>400</health>
				<texture name="turret"/>
				<startTile x="14" y="0"/>
				<degree>180</degree>
				<grabbable>false</grabbable>
				<damageEffect name="Explosion" tag="3" animation="Explosion" fps="23"/>
				<deathEffect name="ExplosionBig"/>
				<grabbable>false</grabbable>
				<weapon type="Straight" angle="-90">
					<delay>0.5</delay>
					<speed>400</speed>
					<shot>
						<damage>20</damage>
						<height>16</height>
						<width>16</width>
						<radius>8</radius>
						<blendMode>Additive</blendMode>
						<texture name="energyball"/>
						<animation name="energyball" fps="30"/>
					</shot>
				</weapon>
				<task type="Parallel">
					<task type="Stationary"/>
					<task type="Fire"/>
				</task>
			</guardian>
		</createGate>
	</action>
	<action tile="54">
		<changeSpeed>
			<speed>0</speed>
		</changeSpeed>
	</action>
	<action tile="55">
		<changeFile>
			<fileName>Boss.xml</fileName>
		</changeFile>
	</action>
</level>