﻿<?xml version="1.0" encoding="utf-8" ?>
<level>
	<action tile="0">
		<loadBMP>
			<fileName>gate2.bmp</fileName>
		</loadBMP>
		<changeSpeed>
			<speed>80</speed>
		</changeSpeed>
	</action>
	<action tile="10">
		<createGate>
			<gate>
				<name>gate2_1</name>
				<texture name="walls\plaque"/>
				<deathEffect name="ExplosionBig" />
				<numRows>4</numRows>
				<numCols>7</numCols>
				<startTile x="19" y="-12"/>
				<faction>Environment</faction>
				<task type="Stationary"/>
			</gate>
			<wall>
				<name>gateBlock1</name>
				<texture name="walls\plaque_clear"/>
				<deathEffect name="ExplosionBig" />
				<numRows>1</numRows>
				<numCols>2</numCols>
				<startTile x="14" y="-4"/>
				<faction>ClearWall</faction>
				<task type="Stationary"/>
			</wall>
			<wall>
				<name>gateBlock1</name>
				<texture name="walls\plaque_clear"/>
				<deathEffect name="ExplosionBig" />
				<numRows>1</numRows>
				<numCols>2</numCols>
				<startTile x="13" y="-3"/>
				<faction>ClearWall</faction>
				<task type="Stationary"/>
			</wall>
			<wall>
				<name>gateBlock1</name>
				<texture name="walls\plaque_clear"/>
				<deathEffect name="ExplosionBig" />
				<numRows>1</numRows>
				<numCols>2</numCols>
				<startTile x="12" y="-2"/>
				<faction>ClearWall</faction>
				<task type="Stationary"/>
			</wall>
			<wall>
				<name>gateBlock1</name>
				<texture name="walls\plaque_clear"/>
				<deathEffect name="ExplosionBig" />
				<numRows>1</numRows>
				<numCols>1</numCols>
				<startTile x="12" y="-1"/>
				<faction>ClearWall</faction>
				<task type="Stationary"/>
			</wall>
			<trigger>
				<name>gate2_1T</name>
				<height>96</height>
				<width>32</width>
				<texture name="trigger" pos="0"/>
				<blendMode>Additive</blendMode>
				<startTile x="15" y="-11"/>
				<task type="Stationary"/>
			</trigger>
		</createGate>
	</action>
	<action tile="26">
		<changeSpeed>
			<speed>0</speed>
		</changeSpeed>
	</action>
	<action tile="34">
		<createGate>
			<trigger>
				<name>gate2_2T</name>
				<height>128</height>
				<width>32</width>
				<bound>Rectangle</bound>
				<texture name="trigger" pos="0"/>
				<blendMode>Additive</blendMode>
				<startTile x="1" y="-9"/>
				<degree>0</degree>
				<task type="Stationary"/>
			</trigger>
			<wall>
				<name>gateBlock2</name>
				<numRows>2</numRows>
				<numCols>20</numCols>
				<faction>ClearWall</faction>
				<texture name="walls\plaque_clear"/>
				<deathEffect name="ExplosionBig" />
				<startTile x="9" y="0" />
				<task type="Stationary"/>
			</wall>
		</createGate>
	</action>
	<action tile="51">
		<changeSpeed>
			<speed>0</speed>
		</changeSpeed>
		<pleaseLoadBMP>
			<fileName>level3.bmp</fileName>
		</pleaseLoadBMP>
	</action>
	<action tile="52">
		<changeFile>
			<fileName>Level3.xml</fileName>
		</changeFile>
	</action>
</level>
