﻿<?xml version="1.0" encoding="utf-8" ?>
<level>
	<action tile="0">
		<loadBMP>
			<fileName>gate1.bmp</fileName>
		</loadBMP>
		<changeSpeed>
			<speed>80</speed>
		</changeSpeed>
	</action>
	<action  tile="5">
		<createGate>
			<gate>
				<name>gate1</name>
				<texture name="walls\plaque"/>
				<deathEffect name="ExplosionBig" />
				<startTile x="10" y="-5" />
				<numRows>4</numRows>
				<numCols>8</numCols>
				<faction>Environment</faction>
				<task type="Stationary"/>
			</gate>
			<wall>
				<name>gate1</name>
				<texture name="walls\plaque_clear"/>
				<deathEffect name="ExplosionBig" />
				<startTile x="28" y="-2" />
				<numRows>1</numRows>
				<numCols>3</numCols>
				<faction>ClearWall</faction>
				<task type="Stationary"/>
			</wall>
			<trigger>
				<name>gate1T</name>
				<height>64</height>
				<width>32</width>
				<texture name="trigger" pos="0"/>
				<blendMode>Additive</blendMode>
				<startTile x="19" y="-4" />
				<task type="Stationary"/>
			</trigger>
		</createGate>
	</action>
	<action tile="14">
		<changeSpeed>
			<speed>0</speed>
		</changeSpeed>
		<pleaseLoadBMP>
			<fileName>level2.bmp</fileName>
		</pleaseLoadBMP>
	</action>
	<action tile="15">
		<changeFile>
			<fileName>Level2Normal.xml</fileName>
		</changeFile>
	</action>
</level>
