﻿<?xml version="1.0" encoding="utf-8" ?>
<level>
	<action tile="0">
		<changeSpeed>
			<speed>80</speed>
		</changeSpeed>
		<loadBMP>
			<fileName>level2.bmp</fileName>
		</loadBMP>		
	</action>
	<action tile="5">
		<createShip>
			<name>W1_E1</name>
			<height>55</height>
			<width>49</width>
			<radius>25</radius>
			<degree>90</degree>
			<texture name="spitter_body"/>
			<startCenter x="800" y="0"/>
			<health>50</health>
			<damageEffect name="Explosion" tag="3" animation="Explosion" fps="23"/>
			<deathEffect name="ExplosionBig"/>
			<task type="Parallel">
				<task type="RepeatingSequence">
					<task type="Parallel">
						<task type="StraightVelocity">
							<velocity x="-180" y="0"/>
						</task>
						<task type="RepeatingTimer">
							<duration>3.3</duration>
						</task>
					</task>
					<task type="Parallel">
						<task type="StraightVelocity">
							<velocity x="180" y="0"/>
						</task>
						<task type="RepeatingTimer">
							<duration>3.3</duration>
						</task>
					</task>
				</task>
				<task type="Stationary"/>
				<task type="RotateToAngle">
					<degree>90</degree>
				</task>
				<task type="Fire"/>
			</task>
			<shipPart>
				<offsetDistance>35</offsetDistance>
				<fixedRotation>true</fixedRotation>
				<transfersDamage>true</transfersDamage>
				<createShip>
					<name>mouth</name>
					<height>19</height>
					<width>28</width>
					<bound>Rectangle</bound>
					<grabbable>false</grabbable>
					<texture name="spitter_mouth" tag="0"/>
					<shootAnimation name="spitter_mouth" fps="23"/>
					<startCenter x="320" y="50"/>
					<health>30</health>
					<damageEffect name="Explosion" tag="3" animation="Explosion" fps="23"/>
					<weapon type="Straight" angle="0">
						<delay>0.2</delay>
						<speed>400</speed>
						<shot>
							<damage>7</damage>
							<height>16</height>
							<width>16</width>
							<radius>8</radius>
							<blendMode>Additive</blendMode>
							<texture name="energyball"/>
							<animation name="energyball" fps="30"/>
						</shot>
					</weapon>
					<task type="Fire"/>
				</createShip>
			</shipPart>
		</createShip>
	</action>
	<action tile="10">
		<createSpawnPoint>
			<delay>32</delay>
			<count>7</count>
			<name>W5_E1</name>
			<object>
				<height>32</height>
				<width>32</width>
				<radius>16</radius>
				<texture name="virus1"/>
				<health>10</health>
				<startTile x="9" y="0"/>
				<damageEffect name="Explosion" tag="3" animation="Explosion" fps="23"/>
				<deathEffect name="ExplosionBig"/>
				<task type="Sequence">
					<task type="Parallel">
						<task type="StraightVelocity">
							<velocity x="0" y="240"/>
						</task>
						<task type="Timer">
							<duration>2.5</duration>
						</task>
					</task>
					<task type="Parallel">
						<task type="StraightAngle">
							<degree>-40</degree>
							<speed>240</speed>
						</task>
						<task type="Timer">
							<duration>2.9</duration>
						</task>
					</task>
					<task type="StraightVelocity">
						<velocity x="0" y="-240"/>
					</task>
				</task>
			</object>
		</createSpawnPoint>
		<createSpawnPoint>
			<delay>32</delay>
			<count>7</count>
			<name>W5_E1</name>
			<object>
				<height>32</height>
				<width>32</width>
				<radius>16</radius>
				<texture name="virus1"/>
				<health>10</health>
				<startTile x="26" y="0"/>
				<damageEffect name="Explosion" tag="3" animation="Explosion" fps="23"/>
				<deathEffect name="ExplosionBig"/>
				<task type="Sequence">
					<task type="Parallel">
						<task type="StraightVelocity">
							<velocity x="0" y="240"/>
						</task>
						<task type="Timer">
							<duration>2.5</duration>
						</task>
					</task>
					<task type="Parallel">
						<task type="StraightAngle">
							<degree>-130</degree>
							<speed>240</speed>
						</task>
						<task type="Timer">
							<duration>2.9</duration>
						</task>
					</task>
					<task type="StraightVelocity">
						<velocity x="0" y="-240"/>
					</task>
				</task>
			</object>
		</createSpawnPoint>
	</action>
	<action tile="27">
		<createTurret>
			<name>turret1</name>
			<height>15</height>
			<width>64</width>
			<bound>Rectangle</bound>
			<texture name="turretBase"/>
			<startCenter x="239" y="0"/>
			<health>30</health>
			<degree>90</degree>
			<damageEffect name="Explosion" tag="3" animation="Explosion" fps="23"/>
			<deathEffect name="ExplosionBig"/>
			<grabbable>false</grabbable>
			<task type="Stationary"/>
			<shipPart>
				<offsetDistance>-19</offsetDistance>
				<offsetAngleDegrees>90</offsetAngleDegrees>
				<createShip>
					<texture name="turretNeck"/>
					<height>24</height>
					<width>11</width>
					<bound>Rectangle</bound>
					<health>25</health>
					<degree>90</degree>
					<damageEffect name="Explosion" tag="3" animation="Explosion" fps="23"/>
					<deathEffect name="ExplosionBig"/>
					<grabbable>false</grabbable>
					<!--<task type="Stationary"/>-->
					<shipPart>
						<offsetDistance>-24</offsetDistance>
						<offsetAngleDegrees>90</offsetAngleDegrees>
						<createShip type="turret">
							<texture name="turretHead"/>
							<health>20</health>
							<degree>90</degree>
							<height>39</height>
							<width>26</width>
							<depth>0.65</depth>
							<bound>Rectangle</bound>
							<grabbable>false</grabbable>
							<damageEffect name="Explosion" tag="3" animation="Explosion" fps="23"/>
							<deathEffect name="ExplosionBig"/>
							<texture name="turretHead"/>
							<weapon type="Straight" angle="-90">
								<delay>0.5</delay>
								<speed>400</speed>
								<shot>
									<damage>5</damage>
									<height>16</height>
									<width>16</width>
									<radius>8</radius>
									<blendMode>Additive</blendMode>
									<texture name="energyball"/>
									<animation name="energyball" fps="30"/>
								</shot>
							</weapon>
							<task type="Parallel">
								<task type="RotateFaceTarget">
									<target>Player</target>
									<offset>90</offset>
								</task>
								<!--<task type="Stationary"/>-->
							</task>
						</createShip>
					</shipPart>
				</createShip>
			</shipPart>
		</createTurret>
	</action>
	<action tile="35">
		<createTurret>
			<name>turret2</name>
			<height>15</height>
			<width>64</width>
			<bound>Rectangle</bound>
			<texture name="turretBase"/>
			<startCenter x="879" y="0"/>
			<health>30</health>
			<degree>270</degree>
			<damageEffect name="Explosion" tag="3" animation="Explosion" fps="23"/>
			<deathEffect name="ExplosionBig"/>
			<grabbable>false</grabbable>
			<task type="Stationary"/>
			<shipPart>
				<offsetDistance>19</offsetDistance>
				<offsetAngleDegrees>270</offsetAngleDegrees>
				<createShip>
					<texture name="turretNeck"/>
					<height>24</height>
					<width>11</width>
					<bound>Rectangle</bound>
					<health>25</health>
					<degree>270</degree>
					<damageEffect name="Explosion" tag="3" animation="Explosion" fps="23"/>
					<deathEffect name="ExplosionBig"/>
					<grabbable>false</grabbable>
					<!--<task type="Stationary"/>-->
					<shipPart>
						<offsetDistance>24</offsetDistance>
						<offsetAngleDegrees>270</offsetAngleDegrees>
						<createShip type="turret">
							<texture name="turretHead"/>
							<health>20</health>
							<degree>270</degree>
							<height>39</height>
							<width>26</width>
							<depth>0.65</depth>
							<bound>Rectangle</bound>
							<grabbable>false</grabbable>
							<damageEffect name="Explosion" tag="3" animation="Explosion" fps="23"/>
							<deathEffect name="ExplosionBig"/>
							<texture name="turretHead"/>
							<weapon type="Straight" angle="-90">
								<delay>0.5</delay>
								<speed>400</speed>
								<shot>
									<damage>5</damage>
									<height>16</height>
									<width>16</width>
									<radius>8</radius>
									<blendMode>Additive</blendMode>
									<texture name="energyball"/>
									<animation name="energyball" fps="30"/>
								</shot>
							</weapon>
							<task type="Parallel">
								<task type="RotateFaceTarget">
									<target>Player</target>
									<offset>90</offset>
								</task>
								<!--<task type="Stationary"/>-->
							</task>
						</createShip>
					</shipPart>
				</createShip>
			</shipPart>
		</createTurret>
	</action>
	<action tile="41">
		<createTurret>
			<name>turret3</name>
			<height>15</height>
			<width>64</width>
			<bound>Rectangle</bound>
			<texture name="turretBase"/>
			<startCenter x="431" y="0"/>
			<health>30</health>
			<degree>90</degree>
			<damageEffect name="Explosion" tag="3" animation="Explosion" fps="23"/>
			<deathEffect name="ExplosionBig"/>
			<grabbable>false</grabbable>
			<task type="Stationary"/>
			<shipPart>
				<offsetDistance>-19</offsetDistance>
				<offsetAngleDegrees>90</offsetAngleDegrees>
				<createShip>
					<texture name="turretNeck"/>
					<height>24</height>
					<width>11</width>
					<bound>Rectangle</bound>
					<health>25</health>
					<degree>90</degree>
					<damageEffect name="Explosion" tag="3" animation="Explosion" fps="23"/>
					<deathEffect name="ExplosionBig"/>
					<grabbable>false</grabbable>
					<!--<task type="Stationary"/>-->
					<shipPart>
						<offsetDistance>-24</offsetDistance>
						<offsetAngleDegrees>90</offsetAngleDegrees>
						<createShip type="turret">
							<texture name="turretHead"/>
							<health>20</health>
							<degree>90</degree>
							<height>39</height>
							<width>26</width>
							<depth>0.65</depth>
							<bound>Rectangle</bound>
							<grabbable>false</grabbable>
							<damageEffect name="Explosion" tag="3" animation="Explosion" fps="23"/>
							<deathEffect name="ExplosionBig"/>
							<texture name="turretHead"/>
							<weapon type="Straight" angle="-90">
								<delay>0.5</delay>
								<speed>400</speed>
								<shot>
									<damage>5</damage>
									<height>16</height>
									<width>16</width>
									<radius>8</radius>
									<blendMode>Additive</blendMode>
									<texture name="energyball"/>
									<animation name="energyball" fps="30"/>
								</shot>
							</weapon>
							<task type="Parallel">
								<task type="RotateFaceTarget">
									<target>Player</target>
									<offset>90</offset>
								</task>
								<!--<task type="Stationary"/>-->
							</task>
						</createShip>
					</shipPart>
				</createShip>
			</shipPart>
		</createTurret>
	</action>
	<action tile="54">
		<createTurret>
			<name>turret5</name>
			<height>15</height>
			<width>64</width>
			<bound>Rectangle</bound>
			<texture name="turretBase"/>
			<startPos x="496" y="0"/>
			<health>30</health>
			<degree>90</degree>
			<damageEffect name="Explosion" tag="3" animation="Explosion" fps="23"/>
			<deathEffect name="ExplosionBig"/>
			<grabbable>false</grabbable>
			<task type="Stationary"/>
			<shipPart>
				<offsetDistance>-19</offsetDistance>
				<offsetAngleDegrees>90</offsetAngleDegrees>
				<createShip>
					<texture name="turretNeck"/>
					<height>24</height>
					<width>11</width>
					<bound>Rectangle</bound>
					<health>25</health>
					<degree>90</degree>
					<damageEffect name="Explosion" tag="3" animation="Explosion" fps="23"/>
					<deathEffect name="ExplosionBig"/>
					<grabbable>false</grabbable>
					<!--<task type="Stationary"/>-->
					<shipPart>
						<offsetDistance>-24</offsetDistance>
						<offsetAngleDegrees>90</offsetAngleDegrees>
						<createShip type="turret">
							<texture name="turretHead"/>
							<health>20</health>
							<degree>90</degree>
							<height>39</height>
							<width>26</width>
							<depth>0.65</depth>
							<bound>Rectangle</bound>
							<grabbable>false</grabbable>
							<damageEffect name="Explosion" tag="3" animation="Explosion" fps="23"/>
							<deathEffect name="ExplosionBig"/>
							<texture name="turretHead"/>
							<weapon type="Straight" angle="-90">
								<delay>0.5</delay>
								<speed>400</speed>
								<shot>
									<damage>5</damage>
									<height>16</height>
									<width>16</width>
									<radius>8</radius>
									<blendMode>Additive</blendMode>
									<texture name="energyball"/>
									<animation name="energyball" fps="30"/>
								</shot>
							</weapon>
							<task type="Parallel">
								<task type="RotateFaceTarget">
									<target>Player</target>
									<offset>90</offset>
								</task>
								<!--<task type="Stationary"/>-->
							</task>
						</createShip>
					</shipPart>
				</createShip>
			</shipPart>
		</createTurret>
	</action>
	<action tile="68">
		<createShip>
			<name>W1_E1</name>
			<height>28</height>
			<width>100</width>
			<radius>46</radius>
			<texture name="Enemy1"/>
			<startCenter x="448" y="0"/>
			<health>40</health>
			<damageEffect name="Explosion" tag="3" animation="Explosion" fps="23"/>
			<deathEffect name="ExplosionBig"/>
			<weapon type="Straight" angle="0">
				<delay>0.5</delay>
				<speed>400</speed>
				<shot>
					<damage>7</damage>
					<height>16</height>
					<width>16</width>
					<radius>8</radius>
					<blendMode>Additive</blendMode>
					<texture name="energyball"/>
					<animation name="energyball" fps="30"/>
				</shot>
			</weapon>
			<task type="Parallel">
				<task type="RotateFaceTarget">
					<target>Player</target>
				</task>
				<task type="SeekTarget">
					<target>Player</target>
					<speed>60</speed>
				</task>
				<task type="Fire"/>
			</task>
		</createShip>
	</action>
	<action tile="82">
		<createShip>
			<name>W1_E1</name>
			<height>55</height>
			<width>49</width>
			<radius>25</radius>
			<degree>90</degree>
			<texture name="spitter_body"/>
			<startCenter x="224" y="0"/>
			<health>40</health>
			<damageEffect name="Explosion" tag="3" animation="Explosion" fps="23"/>
			<deathEffect name="ExplosionBig"/>
			<task type="Parallel">
				<task type="RepeatingSequence">
					<task type="Parallel">
						<task type="StraightVelocity">
							<velocity x="180" y="0"/>
						</task>
						<task type="RepeatingTimer">
							<duration>1</duration>
						</task>
					</task>
					<task type="Parallel">
						<task type="StraightVelocity">
							<velocity x="-180" y="0"/>
						</task>
						<task type="RepeatingTimer">
							<duration>1</duration>
						</task>
					</task>
				</task>
				<task type="Stationary"/>
				<task type="RotateToAngle">
					<degree>90</degree>
				</task>
				<task type="Fire"/>
			</task>
			<shipPart>
				<offsetDistance>35</offsetDistance>
				<fixedRotation>true</fixedRotation>
				<transfersDamage>true</transfersDamage>
				<createShip>
					<name>mouth</name>
					<height>19</height>
					<width>28</width>
					<bound>Rectangle</bound>
					<grabbable>false</grabbable>
					<texture name="spitter_mouth" tag="0"/>
					<shootAnimation name="spitter_mouth" fps="23"/>
					<startCenter x="320" y="50"/>
					<health>30</health>
					<damageEffect name="Explosion" tag="3" animation="Explosion" fps="23"/>
					<weapon type="Straight" angle="0">
						<delay>0.5</delay>
						<speed>400</speed>
						<shot>
							<damage>7</damage>
							<height>16</height>
							<width>16</width>
							<radius>8</radius>
							<blendMode>Additive</blendMode>
							<texture name="energyball"/>
							<animation name="energyball" fps="30"/>
						</shot>
					</weapon>
					<task type="Fire"/>
				</createShip>
			</shipPart>
		</createShip>
	</action>
	<action tile="95">
		<createShip>
			<name>W1_E1</name>
			<height>28</height>
			<width>100</width>
			<radius>46</radius>
			<texture name="Enemy1"/>
			<startCenter x="320" y="0"/>
			<health>40</health>
			<damageEffect name="Explosion" tag="3" animation="Explosion" fps="23"/>
			<deathEffect name="ExplosionBig"/>
			<weapon type="Straight" angle="5">
				<delay>0.5</delay>
				<speed>400</speed>
				<shot>
					<damage>5</damage>
					<height>16</height>
					<width>16</width>
					<radius>8</radius>
					<blendMode>Additive</blendMode>
					<texture name="energyball"/>
					<animation name="energyball" fps="30"/>
				</shot>
			</weapon>
			<weapon type="Straight" angle="-5">
				<delay>0.5</delay>
				<speed>400</speed>
				<shot>
					<damage>5</damage>
					<height>16</height>
					<width>16</width>
					<radius>8</radius>
					<blendMode>Additive</blendMode>
					<texture name="energyball"/>
					<animation name="energyball" fps="30"/>
				</shot>
			</weapon>
			<task type="Parallel">
				<task type="RotateFaceTarget">
					<target>Player</target>
				</task>
				<task type="SeekTarget">
					<target>Player</target>
					<speed>60</speed>
				</task>
				<task type="Fire"/>
			</task>
		</createShip>
	</action>
	<action tile="110">
		<createShip>
			<name>W1_E1</name>
			<height>55</height>
			<width>49</width>
			<radius>25</radius>
			<degree>90</degree>
			<texture name="spitter_body"/>
			<startCenter x="448" y="0"/>
			<health>50</health>
			<damageEffect name="Explosion" tag="3" animation="Explosion" fps="23"/>
			<deathEffect name="ExplosionBig"/>
			<degree>148</degree>
			<task type="Parallel">
				<task type="RepeatingSequence">
					<task type="Parallel">
						<task type="RotateByAngle">
							<angle>-1</angle>
						</task>
						<task type="RepeatingTimer">
							<duration>1</duration>
						</task>
					</task>
					<task type="Parallel">
						<task type="RotateByAngle">
							<angle>1</angle>
						</task>
						<task type="RepeatingTimer">
							<duration>1</duration>
						</task>
					</task>
				</task>
				<task type="Stationary"/>
				<task type="Fire"/>
			</task>
			<shipPart>
				<offsetDistance>35</offsetDistance>
				<fixedRotation>true</fixedRotation>
				<transfersDamage>true</transfersDamage>
				<createShip>
					<name>mouth</name>
					<height>19</height>
					<width>28</width>
					<bound>Rectangle</bound>
					<grabbable>false</grabbable>
					<texture name="spitter_mouth" tag="0"/>
					<shootAnimation name="spitter_mouth" fps="23"/>
					<startCenter x="320" y="50"/>
					<health>30</health>
					<damageEffect name="Explosion" tag="3" animation="Explosion" fps="23"/>
					<weapon type="Straight" angle="0">
						<delay>0.1</delay>
						<speed>400</speed>
						<shot>
							<damage>2</damage>
							<height>16</height>
							<width>16</width>
							<radius>8</radius>
							<blendMode>Additive</blendMode>
							<texture name="energyball"/>
							<animation name="energyball" fps="30"/>
						</shot>
					</weapon>
					<task type="Fire"/>
				</createShip>
			</shipPart>
		</createShip>
	</action>
	<action tile="130">
		<createSpawnPoint>
			<delay>32</delay>
			<count>5</count>
			<name>W2_E</name>
			<object>
				<height>32</height>
				<width>32</width>
				<radius>16</radius>
				<texture name="virus1"/>
				<startTile x="15" y="0"/>
				<health>4</health>
				<damageEffect name="Explosion" tag="3" animation="Explosion" fps="23"/>
				<deathEffect name="ExplosionBig"/>
				<task type="StraightVelocity">
					<velocity x="0" y="240"/>
				</task>
			</object>
		</createSpawnPoint>
		<createSpawnPoint>
			<delay>32</delay>
			<count>5</count>
			<name>W2_E</name>
			<object>
				<height>32</height>
				<width>32</width>
				<radius>16</radius>
				<texture name="virus1"/>
				<startPos x="672" y="0"/>
				<health>4</health>
				<damageEffect name="Explosion" tag="3" animation="Explosion" fps="23"/>
				<deathEffect name="ExplosionBig"/>
				<task type="StraightVelocity">
					<velocity x="0" y="240"/>
				</task>
			</object>
		</createSpawnPoint>
	</action>
	<action tile="140">
		<createSpawnPoint>
			<delay>32</delay>
			<count>5</count>
			<name>W2_E</name>
			<object>
				<height>32</height>
				<width>32</width>
				<radius>16</radius>
				<texture name="virus1"/>
				<startPos x="512" y="0"/>
				<health>4</health>
				<damageEffect name="Explosion" tag="3" animation="Explosion" fps="23"/>
				<deathEffect name="ExplosionBig"/>
				<task type="StraightVelocity">
					<velocity x="0" y="240"/>
				</task>
			</object>
		</createSpawnPoint>
		<createSpawnPoint>
			<delay>32</delay>
			<count>5</count>
			<name>W2_E</name>
			<object>
				<height>32</height>
				<width>32</width>
				<radius>16</radius>
				<texture name="virus1"/>
				<startPos x="576" y="0"/>
				<health>4</health>
				<damageEffect name="Explosion" tag="3" animation="Explosion" fps="23"/>
				<deathEffect name="ExplosionBig"/>
				<task type="StraightVelocity">
					<velocity x="0" y="240"/>
				</task>
			</object>
		</createSpawnPoint>
	</action>
	<action tile="149">
		<createTurret>
			<name>turret6</name>
			<height>15</height>
			<width>64</width>
			<bound>Rectangle</bound>
			<texture name="turretBase"/>
			<startCenter x="352" y="-15"/>
			<health>30</health>
			<degree>180</degree>
			<damageEffect name="Explosion" tag="3" animation="Explosion" fps="23"/>
			<deathEffect name="ExplosionBig"/>
			<grabbable>false</grabbable>
			<task type="Stationary"/>
			<shipPart>
				<offsetDistance>-19</offsetDistance>
				<offsetAngleDegrees>90</offsetAngleDegrees>
				<createShip>
					<texture name="turretNeck"/>
					<height>24</height>
					<width>11</width>
					<bound>Rectangle</bound>
					<health>30</health>
					<degree>180</degree>
					<damageEffect name="Explosion" tag="3" animation="Explosion" fps="23"/>
					<deathEffect name="ExplosionBig"/>
					<grabbable>false</grabbable>
					<!--<task type="Stationary"/>-->
					<shipPart>
						<offsetDistance>-24</offsetDistance>
						<offsetAngleDegrees>90</offsetAngleDegrees>
						<createShip type="turret">
							<texture name="turretHead"/>
							<health>20</health>
							<degree>90</degree>
							<height>39</height>
							<width>26</width>
							<depth>0.65</depth>
							<bound>Rectangle</bound>
							<grabbable>false</grabbable>
							<damageEffect name="Explosion" tag="3" animation="Explosion" fps="23"/>
							<deathEffect name="ExplosionBig"/>
							<texture name="turretHead"/>
							<weapon type="Straight" angle="-90">
								<delay>0.5</delay>
								<speed>400</speed>
								<shot>
									<damage>5</damage>
									<height>16</height>
									<width>16</width>
									<radius>8</radius>
									<blendMode>Additive</blendMode>
									<texture name="energyball"/>
									<animation name="energyball" fps="30"/>
								</shot>
							</weapon>
							<task type="Parallel">
								<task type="RotateFaceTarget">
									<target>Player</target>
									<offset>90</offset>
								</task>
								<!--<task type="Stationary"/>-->
							</task>
						</createShip>
					</shipPart>
				</createShip>
			</shipPart>
		</createTurret>
		<createTurret>
			<name>turret7</name>
			<height>15</height>
			<width>64</width>
			<bound>Rectangle</bound>
			<texture name="turretBase"/>
			<startCenter x="608" y="-15"/>
			<health>30</health>
			<degree>180</degree>
			<damageEffect name="Explosion" tag="3" animation="Explosion" fps="23"/>
			<deathEffect name="ExplosionBig"/>
			<grabbable>false</grabbable>
			<task type="Stationary"/>
			<shipPart>
				<offsetDistance>-19</offsetDistance>
				<offsetAngleDegrees>90</offsetAngleDegrees>
				<createShip>
					<texture name="turretNeck"/>
					<height>24</height>
					<width>11</width>
					<bound>Rectangle</bound>
					<health>30</health>
					<degree>180</degree>
					<damageEffect name="Explosion" tag="3" animation="Explosion" fps="23"/>
					<deathEffect name="ExplosionBig"/>
					<grabbable>false</grabbable>
					<!--<task type="Stationary"/>-->
					<shipPart>
						<offsetDistance>-24</offsetDistance>
						<offsetAngleDegrees>90</offsetAngleDegrees>
						<createShip type="turret">
							<texture name="turretHead"/>
							<health>20</health>
							<degree>90</degree>
							<height>39</height>
							<width>26</width>
							<depth>0.65</depth>
							<bound>Rectangle</bound>
							<grabbable>false</grabbable>
							<damageEffect name="Explosion" tag="3" animation="Explosion" fps="23"/>
							<deathEffect name="ExplosionBig"/>
							<texture name="turretHead"/>
							<weapon type="Straight" angle="-90">
								<delay>0.5</delay>
								<speed>400</speed>
								<shot>
									<damage>5</damage>
									<height>16</height>
									<width>16</width>
									<radius>8</radius>
									<blendMode>Additive</blendMode>
									<texture name="energyball"/>
									<animation name="energyball" fps="30"/>
								</shot>
							</weapon>
							<task type="Parallel">
								<task type="RotateFaceTarget">
									<target>Player</target>
									<offset>90</offset>
								</task>
								<!--<task type="Stationary"/>-->
							</task>
						</createShip>
					</shipPart>
				</createShip>
			</shipPart>
		</createTurret>
	</action>
	<action tile="163">
		<createTurret>
			<name>turret8</name>
			<height>15</height>
			<width>64</width>
			<bound>Rectangle</bound>
			<texture name="turretBase"/>
			<startCenter x="337" y="0"/>
			<health>30</health>
			<degree>90</degree>
			<damageEffect name="Explosion" tag="3" animation="Explosion" fps="23"/>
			<deathEffect name="ExplosionBig"/>
			<grabbable>false</grabbable>
			<task type="Stationary"/>
			<shipPart>
				<offsetDistance>-19</offsetDistance>
				<offsetAngleDegrees>90</offsetAngleDegrees>
				<createShip>
					<texture name="turretNeck"/>
					<height>24</height>
					<width>11</width>
					<bound>Rectangle</bound>
					<health>25</health>
					<degree>90</degree>
					<damageEffect name="Explosion" tag="3" animation="Explosion" fps="23"/>
					<deathEffect name="ExplosionBig"/>
					<grabbable>false</grabbable>
					<!--<task type="Stationary"/>-->
					<shipPart>
						<offsetDistance>-24</offsetDistance>
						<offsetAngleDegrees>90</offsetAngleDegrees>
						<createShip type="turret">
							<texture name="turretHead"/>
							<health>20</health>
							<degree>90</degree>
							<height>39</height>
							<width>26</width>
							<depth>0.65</depth>
							<bound>Rectangle</bound>
							<grabbable>false</grabbable>
							<damageEffect name="Explosion" tag="3" animation="Explosion" fps="23"/>
							<deathEffect name="ExplosionBig"/>
							<texture name="turretHead"/>
							<weapon type="Straight" angle="-90">
								<delay>0.5</delay>
								<speed>400</speed>
								<shot>
									<damage>5</damage>
									<height>16</height>
									<width>16</width>
									<radius>8</radius>
									<blendMode>Additive</blendMode>
									<texture name="energyball"/>
									<animation name="energyball" fps="30"/>
								</shot>
							</weapon>
							<task type="Parallel">
								<task type="RotateFaceTarget">
									<target>Player</target>
									<offset>90</offset>
								</task>
								<!--<task type="Stationary"/>-->
							</task>
						</createShip>
					</shipPart>
				</createShip>
			</shipPart>
		</createTurret>
	</action>
	<action tile="170">
		<createShip>
			<name>W1_E1</name>
			<height>55</height>
			<width>49</width>
			<radius>25</radius>
			<degree>90</degree>
			<texture name="spitter_body"/>
			<startTile x="2" y="0"/>
			<health>30</health>
			<damageEffect name="Explosion" tag="3" animation="Explosion" fps="23"/>
			<deathEffect name="ExplosionBig"/>
			<task type="Parallel">
				<task type="RepeatingSequence">
					<task type="Parallel">
						<task type="StraightVelocity">
							<velocity x="180" y="0"/>
						</task>
						<task type="RepeatingTimer">
							<duration>0.8</duration>
						</task>
					</task>
					<task type="Parallel">
						<task type="StraightVelocity">
							<velocity x="-180" y="0"/>
						</task>
						<task type="RepeatingTimer">
							<duration>0.8</duration>
						</task>
					</task>
				</task>
				<task type="Stationary"/>
				<task type="RotateToAngle">
					<degree>90</degree>
				</task>
				<task type="Fire"/>
			</task>
			<shipPart>
				<offsetDistance>35</offsetDistance>
				<fixedRotation>true</fixedRotation>
				<transfersDamage>true</transfersDamage>
				<createShip>
					<name>mouth</name>
					<height>19</height>
					<width>28</width>
					<bound>Rectangle</bound>
					<grabbable>false</grabbable>
					<texture name="spitter_mouth" tag="0"/>
					<shootAnimation name="spitter_mouth" fps="23"/>
					<startTile x="2" y="0"/>
					<health>30</health>
					<damageEffect name="Explosion" tag="3" animation="Explosion" fps="23"/>
					<weapon type="Straight" angle="0">
						<delay>0.45</delay>
						<speed>400</speed>
						<shot>
							<damage>5</damage>
							<height>16</height>
							<width>16</width>
							<radius>8</radius>
							<blendMode>Additive</blendMode>
							<texture name="energyball"/>
							<animation name="energyball" fps="30"/>
						</shot>
					</weapon>
					<task type="Fire"/>
				</createShip>
			</shipPart>
		</createShip>
		<createShip>
			<name>W1_E1</name>
			<height>55</height>
			<width>49</width>
			<radius>25</radius>
			<degree>90</degree>
			<texture name="spitter_body"/>
			<startTile x="20" y="0"/>
			<health>30</health>
			<damageEffect name="Explosion" tag="3" animation="Explosion" fps="23"/>
			<deathEffect name="ExplosionBig"/>
			<task type="Parallel">
				<task type="RepeatingSequence">
					<task type="Parallel">
						<task type="StraightVelocity">
							<velocity x="180" y="0"/>
						</task>
						<task type="RepeatingTimer">
							<duration>0.8</duration>
						</task>
					</task>
					<task type="Parallel">
						<task type="StraightVelocity">
							<velocity x="-180" y="0"/>
						</task>
						<task type="RepeatingTimer">
							<duration>0.8</duration>
						</task>
					</task>
				</task>
				<task type="Stationary"/>
				<task type="RotateToAngle">
					<degree>90</degree>
				</task>
				<task type="Fire"/>
			</task>
			<shipPart>
				<offsetDistance>35</offsetDistance>
				<fixedRotation>true</fixedRotation>
				<transfersDamage>true</transfersDamage>
				<createShip>
					<name>mouth</name>
					<height>19</height>
					<width>28</width>
					<bound>Rectangle</bound>
					<grabbable>false</grabbable>
					<texture name="spitter_mouth" tag="0"/>
					<shootAnimation name="spitter_mouth" fps="23"/>
					<startTile x="20" y="0"/>
					<health>30</health>
					<damageEffect name="Explosion" tag="3" animation="Explosion" fps="23"/>
					<weapon type="Straight" angle="0">
						<delay>0.45</delay>
						<speed>400</speed>
						<shot>
							<damage>5</damage>
							<height>16</height>
							<width>16</width>
							<radius>8</radius>
							<blendMode>Additive</blendMode>
							<texture name="energyball"/>
							<animation name="energyball" fps="30"/>
						</shot>
					</weapon>
					<task type="Fire"/>
				</createShip>
			</shipPart>
		</createShip>
	</action>
	<action tile="172">
		<createTurret>
			<name>turret9</name>
			<height>15</height>
			<width>64</width>
			<bound>Rectangle</bound>
			<texture name="turretBase"/>
			<startCenter x="560" y="0"/>
			<health>30</health>
			<degree>270</degree>
			<damageEffect name="Explosion" tag="3" animation="Explosion" fps="23"/>
			<deathEffect name="ExplosionBig"/>
			<grabbable>false</grabbable>
			<task type="Stationary"/>
			<shipPart>
				<offsetDistance>-19</offsetDistance>
				<offsetAngleDegrees>90</offsetAngleDegrees>
				<createShip>
					<texture name="turretNeck"/>
					<height>24</height>
					<width>11</width>
					<bound>Rectangle</bound>
					<health>25</health>
					<degree>270</degree>
					<damageEffect name="Explosion" tag="3" animation="Explosion" fps="23"/>
					<deathEffect name="ExplosionBig"/>
					<grabbable>false</grabbable>
					<!--<task type="Stationary"/>-->
					<shipPart>
						<offsetDistance>-24</offsetDistance>
						<offsetAngleDegrees>90</offsetAngleDegrees>
						<createShip type="turret">
							<texture name="turretHead"/>
							<health>20</health>
							<degree>90</degree>
							<height>39</height>
							<width>26</width>
							<depth>0.65</depth>
							<bound>Rectangle</bound>
							<grabbable>false</grabbable>
							<damageEffect name="Explosion" tag="3" animation="Explosion" fps="23"/>
							<deathEffect name="ExplosionBig"/>
							<texture name="turretHead"/>
							<weapon type="Straight" angle="-90">
								<delay>0.5</delay>
								<speed>400</speed>
								<shot>
									<damage>5</damage>
									<height>16</height>
									<width>16</width>
									<radius>8</radius>
									<blendMode>Additive</blendMode>
									<texture name="energyball"/>
									<animation name="energyball" fps="30"/>
								</shot>
							</weapon>
							<task type="Parallel">
								<task type="RotateFaceTarget">
									<target>Player</target>
									<offset>90</offset>
								</task>
								<!--<task type="Stationary"/>-->
							</task>
						</createShip>
					</shipPart>
				</createShip>
			</shipPart>
		</createTurret>
	</action>
	<action tile="179">
		<createTurret>
			<name>turret10</name>
			<height>15</height>
			<width>64</width>
			<bound>Rectangle</bound>
			<texture name="turretBase"/>
			<startCenter x="337" y="0"/>
			<health>30</health>
			<degree>90</degree>
			<damageEffect name="Explosion" tag="3" animation="Explosion" fps="23"/>
			<deathEffect name="ExplosionBig"/>
			<grabbable>false</grabbable>
			<task type="Stationary"/>
			<shipPart>
				<offsetDistance>-19</offsetDistance>
				<offsetAngleDegrees>90</offsetAngleDegrees>
				<createShip>
					<texture name="turretNeck"/>
					<height>24</height>
					<width>11</width>
					<bound>Rectangle</bound>
					<health>25</health>
					<degree>90</degree>
					<damageEffect name="Explosion" tag="3" animation="Explosion" fps="23"/>
					<deathEffect name="ExplosionBig"/>
					<grabbable>false</grabbable>
					<!--<task type="Stationary"/>-->
					<shipPart>
						<offsetDistance>-24</offsetDistance>
						<offsetAngleDegrees>90</offsetAngleDegrees>
						<createShip type="turret">
							<texture name="turretHead"/>
							<health>20</health>
							<degree>90</degree>
							<height>39</height>
							<width>26</width>
							<depth>0.65</depth>
							<bound>Rectangle</bound>
							<grabbable>false</grabbable>
							<damageEffect name="Explosion" tag="3" animation="Explosion" fps="23"/>
							<deathEffect name="ExplosionBig"/>
							<texture name="turretHead"/>
							<weapon type="Straight" angle="-90">
								<delay>0.5</delay>
								<speed>400</speed>
								<shot>
									<damage>5</damage>
									<height>16</height>
									<width>16</width>
									<radius>8</radius>
									<blendMode>Additive</blendMode>
									<texture name="energyball"/>
									<animation name="energyball" fps="30"/>
								</shot>
							</weapon>
							<task type="Parallel">
								<task type="RotateFaceTarget">
									<target>Player</target>
									<offset>90</offset>
								</task>
								<!--<task type="Stationary"/>-->
							</task>
						</createShip>
					</shipPart>
				</createShip>
			</shipPart>
		</createTurret>
	</action>
	<action tile="182">
		<createShip>
			<name>W1_E1</name>
			<height>55</height>
			<width>49</width>
			<radius>25</radius>
			<degree>90</degree>
			<texture name="spitter_body"/>
			<startTile x="7" y="0"/>
			<health>30</health>
			<damageEffect name="Explosion" tag="3" animation="Explosion" fps="23"/>
			<deathEffect name="ExplosionBig"/>
			<task type="Parallel">
				<task type="RepeatingSequence">
					<task type="Parallel">
						<task type="StraightVelocity">
							<velocity x="-180" y="0"/>
						</task>
						<task type="RepeatingTimer">
							<duration>0.8</duration>
						</task>
					</task>
					<task type="Parallel">
						<task type="StraightVelocity">
							<velocity x="180" y="0"/>
						</task>
						<task type="RepeatingTimer">
							<duration>0.8</duration>
						</task>
					</task>
				</task>
				<task type="Stationary"/>
				<task type="RotateToAngle">
					<degree>90</degree>
				</task>
				<task type="Fire"/>
			</task>
			<shipPart>
				<offsetDistance>35</offsetDistance>
				<fixedRotation>true</fixedRotation>
				<transfersDamage>true</transfersDamage>
				<createShip>
					<name>mouth</name>
					<height>19</height>
					<width>28</width>
					<bound>Rectangle</bound>
					<grabbable>false</grabbable>
					<texture name="spitter_mouth" tag="0"/>
					<shootAnimation name="spitter_mouth" fps="23"/>
					<startTile x="7" y="0"/>
					<health>30</health>
					<damageEffect name="Explosion" tag="3" animation="Explosion" fps="23"/>
					<weapon type="Straight" angle="0">
						<delay>0.45</delay>
						<speed>400</speed>
						<shot>
							<damage>5</damage>
							<height>16</height>
							<width>16</width>
							<radius>8</radius>
							<blendMode>Additive</blendMode>
							<texture name="energyball"/>
							<animation name="energyball" fps="30"/>
						</shot>
					</weapon>
					<task type="Fire"/>
				</createShip>
			</shipPart>
		</createShip>
		<createShip>
			<name>W1_E1</name>
			<height>55</height>
			<width>49</width>
			<radius>25</radius>
			<degree>90</degree>
			<texture name="spitter_body"/>
			<startTile x="25" y="0"/>
			<health>30</health>
			<damageEffect name="Explosion" tag="3" animation="Explosion" fps="23"/>
			<deathEffect name="ExplosionBig"/>
			<task type="Parallel">
				<task type="RepeatingSequence">
					<task type="Parallel">
						<task type="StraightVelocity">
							<velocity x="-180" y="0"/>
						</task>
						<task type="RepeatingTimer">
							<duration>0.8</duration>
						</task>
					</task>
					<task type="Parallel">
						<task type="StraightVelocity">
							<velocity x="180" y="0"/>
						</task>
						<task type="RepeatingTimer">
							<duration>0.8</duration>
						</task>
					</task>
				</task>
				<task type="Stationary"/>
				<task type="RotateToAngle">
					<degree>90</degree>
				</task>
				<task type="Fire"/>
			</task>
			<shipPart>
				<offsetDistance>35</offsetDistance>
				<fixedRotation>true</fixedRotation>
				<transfersDamage>true</transfersDamage>
				<createShip>
					<name>mouth</name>
					<height>19</height>
					<width>28</width>
					<bound>Rectangle</bound>
					<grabbable>false</grabbable>
					<texture name="spitter_mouth" tag="0"/>
					<shootAnimation name="spitter_mouth" fps="23"/>
					<startTile x="25" y="0"/>
					<health>30</health>
					<damageEffect name="Explosion" tag="3" animation="Explosion" fps="23"/>
					<weapon type="Straight" angle="0">
						<delay>0.45</delay>
						<speed>400</speed>
						<shot>
							<damage>5</damage>
							<height>16</height>
							<width>16</width>
							<radius>8</radius>
							<blendMode>Additive</blendMode>
							<texture name="energyball"/>
							<animation name="energyball" fps="30"/>
						</shot>
					</weapon>
					<task type="Fire"/>
				</createShip>
			</shipPart>
		</createShip>
	</action>	
	<action tile="188">
		<createTurret>
			<name>turret11</name>
			<height>15</height>
			<width>64</width>
			<bound>Rectangle</bound>
			<texture name="turretBase"/>
			<startCenter x="559" y="0"/>
			<health>30</health>
			<degree>270</degree>
			<damageEffect name="Explosion" tag="3" animation="Explosion" fps="23"/>
			<deathEffect name="ExplosionBig"/>
			<grabbable>false</grabbable>
			<task type="Stationary"/>
			<shipPart>
				<offsetDistance>-19</offsetDistance>
				<offsetAngleDegrees>90</offsetAngleDegrees>
				<createShip>
					<texture name="turretNeck"/>
					<height>24</height>
					<width>11</width>
					<bound>Rectangle</bound>
					<health>25</health>
					<degree>270</degree>
					<damageEffect name="Explosion" tag="3" animation="Explosion" fps="23"/>
					<deathEffect name="ExplosionBig"/>
					<grabbable>false</grabbable>
					<!--<task type="Stationary"/>-->
					<shipPart>
						<offsetDistance>-24</offsetDistance>
						<offsetAngleDegrees>90</offsetAngleDegrees>
						<createShip type="turret">
							<texture name="turretHead"/>
							<health>20</health>
							<degree>90</degree>
							<height>39</height>
							<width>26</width>
							<depth>0.65</depth>
							<bound>Rectangle</bound>
							<grabbable>false</grabbable>
							<damageEffect name="Explosion" tag="3" animation="Explosion" fps="23"/>
							<deathEffect name="ExplosionBig"/>
							<texture name="turretHead"/>
							<weapon type="Straight" angle="-90">
								<delay>0.5</delay>
								<speed>400</speed>
								<shot>
									<damage>5</damage>
									<height>16</height>
									<width>16</width>
									<radius>8</radius>
									<blendMode>Additive</blendMode>
									<texture name="energyball"/>
									<animation name="energyball" fps="30"/>
								</shot>
							</weapon>
							<task type="Parallel">
								<task type="RotateFaceTarget">
									<target>Player</target>
									<offset>90</offset>
								</task>
								<!--<task type="Stationary"/>-->
							</task>
						</createShip>
					</shipPart>
				</createShip>
			</shipPart>
		</createTurret>
	</action>
	<action tile="209">
		<createTurret>
			<name>turret12</name>
			<height>15</height>
			<width>64</width>
			<bound>Rectangle</bound>
			<texture name="turretBase"/>
			<startCenter x="527" y="-15"/>
			<health>30</health>
			<degree>180</degree>
			<damageEffect name="Explosion" tag="3" animation="Explosion" fps="23"/>
			<deathEffect name="ExplosionBig"/>
			<grabbable>false</grabbable>
			<task type="Stationary"/>
			<shipPart>
				<offsetDistance>-19</offsetDistance>
				<offsetAngleDegrees>90</offsetAngleDegrees>
				<createShip>
					<texture name="turretNeck"/>
					<height>24</height>
					<width>11</width>
					<bound>Rectangle</bound>
					<health>25</health>
					<degree>180</degree>
					<damageEffect name="Explosion" tag="3" animation="Explosion" fps="23"/>
					<deathEffect name="ExplosionBig"/>
					<grabbable>false</grabbable>
					<!--<task type="Stationary"/>-->
					<shipPart>
						<offsetDistance>-24</offsetDistance>
						<offsetAngleDegrees>90</offsetAngleDegrees>
						<createShip type="turret">
							<texture name="turretHead"/>
							<health>20</health>
							<degree>90</degree>
							<height>39</height>
							<width>26</width>
							<depth>0.65</depth>
							<bound>Rectangle</bound>
							<grabbable>false</grabbable>
							<damageEffect name="Explosion" tag="3" animation="Explosion" fps="23"/>
							<deathEffect name="ExplosionBig"/>
							<texture name="turretHead"/>
							<weapon type="Straight" angle="-90">
								<delay>0.5</delay>
								<speed>400</speed>
								<shot>
									<damage>5</damage>
									<height>16</height>
									<width>16</width>
									<radius>8</radius>
									<blendMode>Additive</blendMode>
									<texture name="energyball"/>
									<animation name="energyball" fps="30"/>
								</shot>
							</weapon>
							<task type="Parallel">
								<task type="RotateFaceTarget">
									<target>Player</target>
									<offset>90</offset>
								</task>
								<!--<task type="Stationary"/>-->
							</task>
						</createShip>
					</shipPart>
				</createShip>
			</shipPart>
		</createTurret>
	</action>
	<action tile="212">
		<createTurret>
			<name>turret13</name>
			<height>15</height>
			<width>64</width>
			<bound>Rectangle</bound>
			<texture name="turretBase"/>
			<startCenter x="689" y="0"/>
			<health>30</health>
			<degree>90</degree>
			<damageEffect name="Explosion" tag="3" animation="Explosion" fps="23"/>
			<deathEffect name="ExplosionBig"/>
			<grabbable>false</grabbable>
			<task type="Stationary"/>
			<shipPart>
				<offsetDistance>-19</offsetDistance>
				<offsetAngleDegrees>90</offsetAngleDegrees>
				<createShip>
					<texture name="turretNeck"/>
					<height>24</height>
					<width>11</width>
					<bound>Rectangle</bound>
					<health>25</health>
					<degree>90</degree>
					<damageEffect name="Explosion" tag="3" animation="Explosion" fps="23"/>
					<deathEffect name="ExplosionBig"/>
					<grabbable>false</grabbable>
					<!--<task type="Stationary"/>-->
					<shipPart>
						<offsetDistance>-24</offsetDistance>
						<offsetAngleDegrees>90</offsetAngleDegrees>
						<createShip type="turret">
							<texture name="turretHead"/>
							<health>20</health>
							<degree>90</degree>
							<height>39</height>
							<width>26</width>
							<depth>0.65</depth>
							<bound>Rectangle</bound>
							<grabbable>false</grabbable>
							<damageEffect name="Explosion" tag="3" animation="Explosion" fps="23"/>
							<deathEffect name="ExplosionBig"/>
							<texture name="turretHead"/>
							<weapon type="Straight" angle="-90">
								<delay>0.5</delay>
								<speed>400</speed>
								<shot>
									<damage>5</damage>
									<height>16</height>
									<width>16</width>
									<radius>8</radius>
									<blendMode>Additive</blendMode>
									<texture name="energyball"/>
									<animation name="energyball" fps="30"/>
								</shot>
							</weapon>
							<task type="Parallel">
								<task type="RotateFaceTarget">
									<target>Player</target>
									<offset>90</offset>
								</task>
								<!--<task type="Stationary"/>-->
							</task>
						</createShip>
					</shipPart>
				</createShip>
			</shipPart>
		</createTurret>
	</action>
	<action tile="215">
		<createTurret>
			<name>turret14</name>
			<height>15</height>
			<width>64</width>
			<bound>Rectangle</bound>
			<texture name="turretBase"/>
			<startCenter x="366" y="0"/>
			<health>30</health>
			<degree>270</degree>
			<damageEffect name="Explosion" tag="3" animation="Explosion" fps="23"/>
			<deathEffect name="ExplosionBig"/>
			<grabbable>false</grabbable>
			<task type="Stationary"/>
			<shipPart>
				<offsetDistance>-19</offsetDistance>
				<offsetAngleDegrees>90</offsetAngleDegrees>
				<createShip>
					<texture name="turretNeck"/>
					<height>24</height>
					<width>11</width>
					<bound>Rectangle</bound>
					<health>25</health>
					<degree>270</degree>
					<damageEffect name="Explosion" tag="3" animation="Explosion" fps="23"/>
					<deathEffect name="ExplosionBig"/>
					<grabbable>false</grabbable>
					<!--<task type="Stationary"/>-->
					<shipPart>
						<offsetDistance>-24</offsetDistance>
						<offsetAngleDegrees>90</offsetAngleDegrees>
						<createShip type="turret">
							<texture name="turretHead"/>
							<health>20</health>
							<degree>90</degree>
							<height>39</height>
							<width>26</width>
							<depth>0.65</depth>
							<bound>Rectangle</bound>
							<grabbable>false</grabbable>
							<damageEffect name="Explosion" tag="3" animation="Explosion" fps="23"/>
							<deathEffect name="ExplosionBig"/>
							<texture name="turretHead"/>
							<weapon type="Straight" angle="-90">
								<delay>0.5</delay>
								<speed>400</speed>
								<shot>
									<damage>5</damage>
									<height>16</height>
									<width>16</width>
									<radius>8</radius>
									<blendMode>Additive</blendMode>
									<texture name="energyball"/>
									<animation name="energyball" fps="30"/>
								</shot>
							</weapon>
							<task type="Parallel">
								<task type="RotateFaceTarget">
									<target>Player</target>
									<offset>90</offset>
								</task>
								<!--<task type="Stationary"/>-->
							</task>
						</createShip>
					</shipPart>
				</createShip>
			</shipPart>
		</createTurret>
	</action>
	<action tile="219">
		<createTurret>
			<name>turret15</name>
			<height>15</height>
			<width>64</width>
			<bound>Rectangle</bound>
			<texture name="turretBase"/>
			<startCenter x="480" y="17"/>
			<health>30</health>
			<degree>0</degree>
			<damageEffect name="Explosion" tag="3" animation="Explosion" fps="23"/>
			<deathEffect name="ExplosionBig"/>
			<grabbable>false</grabbable>
			<task type="Stationary"/>
			<shipPart>
				<offsetDistance>-19</offsetDistance>
				<offsetAngleDegrees>90</offsetAngleDegrees>
				<createShip>
					<texture name="turretNeck"/>
					<height>24</height>
					<width>11</width>
					<bound>Rectangle</bound>
					<health>25</health>
					<degree>0</degree>
					<damageEffect name="Explosion" tag="3" animation="Explosion" fps="23"/>
					<deathEffect name="ExplosionBig"/>
					<grabbable>false</grabbable>
					<!--<task type="Stationary"/>-->
					<shipPart>
						<offsetDistance>-24</offsetDistance>
						<offsetAngleDegrees>90</offsetAngleDegrees>
						<createShip type="turret">
							<texture name="turretHead"/>
							<health>20</health>
							<degree>90</degree>
							<height>39</height>
							<width>26</width>
							<depth>0.65</depth>
							<bound>Rectangle</bound>
							<grabbable>false</grabbable>
							<damageEffect name="Explosion" tag="3" animation="Explosion" fps="23"/>
							<deathEffect name="ExplosionBig"/>
							<texture name="turretHead"/>
							<weapon type="Straight" angle="-90">
								<delay>0.5</delay>
								<speed>400</speed>
								<shot>
									<damage>5</damage>
									<height>16</height>
									<width>16</width>
									<radius>8</radius>
									<blendMode>Additive</blendMode>
									<texture name="energyball"/>
									<animation name="energyball" fps="30"/>
								</shot>
							</weapon>
							<task type="Parallel">
								<task type="RotateFaceTarget">
									<target>Player</target>
									<offset>90</offset>
								</task>
								<!--<task type="Stationary"/>-->
							</task>
						</createShip>
					</shipPart>
				</createShip>
			</shipPart>
		</createTurret>
	</action>
	<action tile="249">
		<changeSpeed>
			<speed>0</speed>
		</changeSpeed>
		<createBoss>
			<name>Boss2</name>
			<height>94</height>
			<width>93</width>
			<radius>46</radius>
			<texture name="cell"/>
			<startCenter x="512" y="0"/>
			<health>70</health>
			<shield>50</shield>
			<damageEffect name="Explosion" tag="3" animation="Explosion" fps="23"/>
			<deathEffect name="ExplosionBig"/>
			<weapon type="Complex" offset="0" target="Player">
				<task type="Sequence">
					<task type="Parallel">
						<task type="StraightAngle">
							<degree>0</degree>
							<speed>300</speed>
						</task>
						<task type="RotateToAngle">
							<degree>0</degree>
						</task>
						<task type="Timer">
							<duration>1</duration>
						</task>
					</task>
					<task type="SeekTarget">
						<target>Player</target>
						<speed>250</speed>
					</task>
				</task>
				<delay>1.2</delay>
				<initialCooldown>0.01</initialCooldown>
				<shot>
					<damage>15</damage>
					<height>16</height>
					<width>16</width>
					<radius>8</radius>
					<blendMode>Additive</blendMode>
					<texture name="shot_electric"/>
					<animation name="shot_electric" fps="8"/>
					<trail>
						<texture name="shot_electric"/>
						<animation name="shot_electric" fps="8"/>
						<HowManyEffects>10</HowManyEffects>
						<MinNumParticles>1</MinNumParticles>
						<MaxNumParticles>100</MaxNumParticles>
						<MinLifetime>0.1</MinLifetime>
						<MaxLifetime>0.5</MaxLifetime>
						<MinScale>0.01</MinScale>
						<MaxScale>0.05</MaxScale>
						<MinInitialSpeed>1</MinInitialSpeed>
						<MaxInitialSpeed>200</MaxInitialSpeed>
						<blendMode>Additive</blendMode>
					</trail>
				</shot>
			</weapon>
			<task type="Sequence">
				<task type="Parallel">
					<task type="RotateFaceTarget">
						<target>Player</target>
					</task>
					<task type="StraightVelocity">
						<velocity x="0" y="80"/>
					</task>
					<task type="Timer">
						<duration>2.0</duration>
					</task>
					<task type="Fire"/>
				</task>
				<task type="Parallel">
					<task type="Stationary"/>
					<task type="RotateFaceTarget">
						<target>Player</target>
					</task>
					<task type="Fire"/>
				</task>				
			</task>
		</createBoss>
		<pleaseLoadBMP>
			<fileName>gate2.bmp</fileName>
		</pleaseLoadBMP>
	</action>
	<action tile="250">
		<changeFile>
			<fileName>Gate2.xml</fileName>
		</changeFile>
	</action>
</level>