﻿<?xml version="1.0" encoding="utf-8" ?>
<level>
	<action tile="0">
		<loadBMP>
			<fileName>level1.bmp</fileName>
		</loadBMP>
		<changeSpeed>
			<speed>80</speed>
		</changeSpeed>
	</action>
	<action tile="10">
		<createShip>
			<name>W1_E1</name>
			<height>55</height>
			<width>49</width>
			<radius>25</radius>
			<degree>90</degree>
			<texture name="spitter_body"/>
			<startCenter x="320" y="0"/>
			<health>30</health>
			<damageEffect name="Explosion" tag="3" animation="Explosion" fps="23"/>
			<deathEffect name="ExplosionBig"/>
			<task type="Parallel">
				<task type="RepeatingSequence">
					<task type="Parallel">
						<task type="StraightVelocity">
							<velocity x="180" y="50"/>
						</task>
						<task type="RepeatingTimer">
							<duration>2.4</duration>
						</task>
					</task>
					<task type="Parallel">
						<task type="StraightVelocity">
							<velocity x="-180" y="50"/>
						</task>
						<task type="RepeatingTimer">
							<duration>2.4</duration>
						</task>
					</task>
				</task>
			</task>
			<shipPart>
				<offsetDistance>35</offsetDistance>
				<fixedRotation>true</fixedRotation>
				<transfersDamage>true</transfersDamage>
				<createShip>
					<name>mouth</name>
					<height>19</height>
					<width>28</width>
					<bound>Rectangle</bound>
					<grabbable>false</grabbable>
					<texture name="spitter_mouth" tag="0"/>
					<shootAnimation name="spitter_mouth" fps="23"/>
					<startCenter x="320" y="50"/>
					<health>30</health>
					<damageEffect name="Explosion" tag="3" animation="Explosion" fps="23"/>
					<weapon type="Straight" angle="0">
						<delay>0.5</delay>
						<speed>400</speed>
						<shot>
							<damage>5</damage>
							<height>16</height>
							<width>16</width>
							<radius>8</radius>
							<blendMode>Additive</blendMode>
							<texture name="energyball"/>
							<animation name="energyball" fps="30"/>
						</shot>
					</weapon>
					<task type="Fire"/>
				</createShip>
			</shipPart>
		</createShip>
	</action>
	<action tile="30">
		<createSpawnPoint>
			<delay>32</delay>
			<count>5</count>
			<name>W2_E</name>
			<object>
				<height>32</height>
				<width>32</width>
				<radius>16</radius>
				<texture name="virus1"/>
				<startPos x="224" y="0"/>
				<health>10</health>
				<damageEffect name="Explosion" tag="3" animation="Explosion" fps="23"/>
				<deathEffect name="ExplosionBig"/>
				<task type="StraightVelocity">
					<velocity x="0" y="240"/>
				</task>
			</object>
		</createSpawnPoint>
	</action>
	<action tile="35">
		<createShip>
			<name>bump1</name>
			<height>40</height>
			<width>40</width>
			<radius>20</radius>
			<texture name="bump"/>
			<startCenter x="640" y="0"/>
			<health>5</health>
			<grabbable>false</grabbable>
			<deathEffect name="ExplosionBig"/>
			<task type="StationaryBackground"/>
		</createShip>
	</action>
	<action tile="40">
		<createShip>
			<name>bump1</name>
			<height>40</height>
			<width>40</width>
			<radius>20</radius>
			<texture name="bump"/>
			<startCenter x="300" y="0"/>
			<health>5</health>
			<grabbable>false</grabbable>
			<deathEffect name="ExplosionBig"/>
			<task type="StationaryBackground"/>
		</createShip>
	</action>
	<action tile="58">
		<createShip>
			<name>bump1</name>
			<height>40</height>
			<width>40</width>
			<radius>20</radius>
			<texture name="bump"/>
			<startCenter x="800" y="0"/>
			<health>5</health>
			<grabbable>false</grabbable>
			<deathEffect name="ExplosionBig"/>
			<task type="StationaryBackground"/>
		</createShip>
	</action>
	<action tile="76">
		<createShip>
			<name>bump1</name>
			<height>40</height>
			<width>40</width>
			<radius>20</radius>
			<texture name="bump"/>
			<startCenter x="640" y="0"/>
			<health>5</health>
			<grabbable>false</grabbable>
			<deathEffect name="ExplosionBig"/>
			<task type="StationaryBackground"/>
		</createShip>
	</action>
	<action tile="94">
		<createShip>
			<name>bump1</name>
			<height>40</height>
			<width>40</width>
			<radius>20</radius>
			<texture name="bump"/>
			<startCenter x="800" y="0"/>
			<health>5</health>
			<grabbable>false</grabbable>
			<deathEffect name="ExplosionBig"/>
			<task type="StationaryBackground"/>
		</createShip>
	</action>
	<action tile="110">
		<createShip>
			<name>bump1</name>
			<height>40</height>
			<width>40</width>
			<radius>20</radius>
			<texture name="bump"/>
			<startCenter x="280" y="0"/>
			<health>5</health>
			<grabbable>false</grabbable>
			<deathEffect name="ExplosionBig"/>
			<task type="StationaryBackground"/>
		</createShip>
	</action>
	<action tile="135">
		<createShip>
			<name>bump1</name>
			<height>40</height>
			<width>40</width>
			<radius>20</radius>
			<texture name="bump"/>
			<startCenter x="600" y="0"/>
			<health>5</health>
			<grabbable>false</grabbable>
			<deathEffect name="ExplosionBig"/>
			<task type="StationaryBackground"/>
		</createShip>
	</action>
	<action tile="150">
		<createShip>
			<name>bump1</name>
			<height>40</height>
			<width>40</width>
			<radius>20</radius>
			<texture name="bump"/>
			<startCenter x="640" y="0"/>
			<health>5</health>
			<grabbable>false</grabbable>
			<deathEffect name="ExplosionBig"/>
			<task type="StationaryBackground"/>
		</createShip>
	</action>
	<action tile="45">
		<createShip>
			<name>W3_E1</name>
			<height>55</height>
			<width>49</width>
			<radius>25</radius>
			<texture name="spitter_body"/>
			<startCenter x="224" y="00"/>
			<health>30</health>
			<damageEffect name="Explosion" tag="3" animation="Explosion" fps="23"/>
			<deathEffect name="ExplosionBig"/>
			<task type="Parallel">
				<task type="RepeatingSequence">
					<task type="Parallel">
						<task type="StraightVelocity">
							<velocity x="180" y="0"/>
						</task>
						<task type="RepeatingTimer">
							<duration>0.7</duration>
						</task>
					</task>
					<task type="Parallel">
						<task type="StraightVelocity">
							<velocity x="-180" y="0"/>
						</task>
						<task type="RepeatingTimer">
							<duration>0.7</duration>
						</task>
					</task>
				</task>
				<task type="Stationary"/>
				<task type="RotateToAngle">
					<degree>90</degree>
				</task>
				<task type="Fire"/>
			</task>
			<shipPart>
				<offsetDistance>35</offsetDistance>
				<fixedRotation>true</fixedRotation>
				<transfersDamage>true</transfersDamage>
				<createShip>
					<name>mouth</name>
					<height>19</height>
					<width>28</width>
					<bound>Rectangle</bound>
					<grabbable>false</grabbable>
					<texture name="spitter_mouth" tag="0"/>
					<shootAnimation name="spitter_mouth" fps="23"/>
					<startCenter x="320" y="50"/>
					<health>30</health>
					<damageEffect name="Explosion" tag="3" animation="Explosion" fps="23"/>
					<weapon type="Straight" angle="0">
						<delay>0.5</delay>
						<speed>400</speed>
						<shot>
							<damage>5</damage>
							<height>16</height>
							<width>16</width>
							<radius>8</radius>
							<blendMode>Additive</blendMode>
							<texture name="energyball"/>
							<animation name="energyball" fps="30"/>
						</shot>
					</weapon>
					<task type="Fire"/>
				</createShip>
			</shipPart>
		</createShip>
		<createShip>
			<name>W3_E2</name>
			<height>55</height>
			<width>49</width>
			<radius>25</radius>
			<texture name="spitter_body"/>
			<startCenter x="576" y="00"/>
			<health>30</health>
			<damageEffect name="Explosion" tag="3" animation="Explosion" fps="23"/>
			<deathEffect name="ExplosionBig"/>
			<task type="Parallel">
				<task type="RepeatingSequence">
					<task type="Parallel">
						<task type="StraightVelocity">
							<velocity x="-180" y="0"/>
						</task>
						<task type="RepeatingTimer">
							<duration>0.7</duration>
						</task>
					</task>
					<task type="Parallel">
						<task type="StraightVelocity">
							<velocity x="180" y="0"/>
						</task>
						<task type="RepeatingTimer">
							<duration>0.7</duration>
						</task>
					</task>
				</task>
				<task type="Stationary"/>
				<task type="RotateToAngle">
					<degree>90</degree>
				</task>
				<task type="Fire"/>
			</task>
			<shipPart>
				<offsetDistance>35</offsetDistance>
				<fixedRotation>true</fixedRotation>
				<transfersDamage>true</transfersDamage>
				<createShip>
					<name>mouth</name>
					<height>19</height>
					<width>28</width>
					<bound>Rectangle</bound>
					<grabbable>false</grabbable>
					<texture name="spitter_mouth" tag="0"/>
					<shootAnimation name="spitter_mouth" fps="23"/>
					<startCenter x="320" y="50"/>
					<health>30</health>
					<damageEffect name="Explosion" tag="3" animation="Explosion" fps="23"/>
					<weapon type="Straight" angle="0">
						<delay>0.5</delay>
						<speed>400</speed>
						<shot>
							<damage>5</damage>
							<height>16</height>
							<width>16</width>
							<radius>8</radius>
							<blendMode>Additive</blendMode>
							<texture name="energyball"/>
							<animation name="energyball" fps="30"/>
						</shot>
					</weapon>
					<task type="Fire"/>
				</createShip>
			</shipPart>
		</createShip>
	</action>
	<action tile="55">
		<createShip>
			<name>bump1</name>
			<height>40</height>
			<width>40</width>
			<radius>20</radius>
			<texture name="bump"/>
			<startCenter x="320" y="0"/>
			<health>5</health>
			<grabbable>false</grabbable>
			<deathEffect name="ExplosionBig"/>
			<task type="StationaryBackground"/>
		</createShip>
	</action>
	<action tile="60">
		<createSpawnPoint>
			<delay>32</delay>
			<count>5</count>
			<name>W4_E1</name>
			<object>
				<height>32</height>
				<width>32</width>
				<radius>16</radius>
				<texture name="virus1"/>
				<health>10</health>
				<startCenter x="768" y="0"/>
				<damageEffect name="Explosion" tag="3" animation="Explosion" fps="23"/>
				<deathEffect name="ExplosionBig"/>
				<task type="StraightVelocity">
					<velocity x="0" y="240"/>
				</task>
			</object>
		</createSpawnPoint>
	</action>
	<action tile="70">
		<createSpawnPoint>
			<delay>32</delay>
			<count>5</count>
			<name>W5_E1</name>
			<object>
				<height>32</height>
				<width>32</width>
				<radius>16</radius>
				<texture name="virus1"/>
				<health>10</health>
				<startCenter x="256" y="0"/>
				<damageEffect name="Explosion" tag="3" animation="Explosion" fps="23"/>
				<deathEffect name="ExplosionBig"/>
				<task type="Sequence">
					<task type="Parallel">
						<task type="StraightVelocity">
							<velocity x="0" y="240"/>
						</task>
						<task type="Timer">
							<duration>2.5</duration>
						</task>
					</task>
					<task type="Parallel">
						<task type="StraightAngle">
							<degree>-40</degree>
							<speed>240</speed>
						</task>
						<task type="Timer">
							<duration>2.9</duration>
						</task>
					</task>
					<task type="StraightVelocity">
						<velocity x="0" y="-240"/>
					</task>
				</task>
			</object>
		</createSpawnPoint>
	</action>
	<action tile="78">
		<createShip>
			<name>W6_E1</name>
			<height>90</height>
			<width>90</width>
			<radius>45</radius>
			<texture name="virus1"/>
			<startCenter x="608" y="0"/>
			<health>50</health>
			<damageEffect name="Explosion" tag="3" animation="Explosion" fps="23"/>
			<deathEffect name="ExplosionBig"/>
			<weapon type="Straight" angle="0">
				<delay>0.85</delay>
				<speed>400</speed>
				<shot>
					<damage>10</damage>
					<height>16</height>
					<width>16</width>
					<radius>8</radius>
					<blendMode>Additive</blendMode>
					<texture name="shot_electric"/>
					<animation name="shot_electric" fps="8"/>
				</shot>
			</weapon>
			<weapon type="Straight" angle="-15">
				<delay>0.85</delay>
				<speed>400</speed>
				<shot>
					<damage>10</damage>
					<height>16</height>
					<width>16</width>
					<radius>8</radius>
					<blendMode>Additive</blendMode>
					<texture name="shot_electric"/>
					<animation name="shot_electric" fps="8"/>
				</shot>
			</weapon>
			<weapon type="Straight" angle="15">
				<delay>0.85</delay>
				<speed>400</speed>
				<shot>
					<damage>10</damage>
					<height>16</height>
					<width>16</width>
					<radius>8</radius>
					<blendMode>Additive</blendMode>
					<texture name="shot_electric"/>
					<animation name="shot_electric" fps="8"/>
				</shot>
			</weapon>
			<task type="Parallel">
				<task type="StraightVelocity">
					<velocity x="0" y="60"/>
				</task>
				<task type="RotateToAngle">
					<degree>90</degree>
				</task>
				<task type="Fire"/>
			</task>
		</createShip>
	</action>
	<action tile="100">
		<createSpawnPoint>
			<delay>32</delay>
			<count>5</count>
			<name>W7_E1</name>
			<object>
				<height>32</height>
				<width>32</width>
				<radius>16</radius>
				<texture name="virus1"/>
				<health>10</health>
				<startCenter x="480" y="0"/>
				<damageEffect name="Explosion" tag="3" animation="Explosion" fps="23"/>
				<deathEffect name="ExplosionBig"/>
				<task type="Sequence">
					<task type="Parallel">
						<task type="StraightVelocity">
							<velocity x="0" y="200"/>
						</task>
						<task type="Timer">
							<duration>1</duration>
						</task>
					</task>
					<task type="StraightAngle">
						<degree>130</degree>
						<speed>200</speed>
					</task>
				</task>
			</object>
		</createSpawnPoint>
		<createSpawnPoint>
			<delay>32</delay>
			<count>5</count>
			<name>W7_E1</name>
			<object>
				<height>32</height>
				<width>32</width>
				<radius>16</radius>
				<texture name="virus1"/>
				<health>10</health>
				<startCenter x="512" y="0"/>
				<damageEffect name="Explosion" tag="3" animation="Explosion" fps="23"/>
				<deathEffect name="ExplosionBig"/>
				<task type="Sequence">
					<task type="Parallel">
						<task type="StraightVelocity">
							<velocity x="0" y="200"/>
						</task>
						<task type="Timer">
							<duration>1</duration>
						</task>
					</task>
					<task type="StraightAngle">
						<degree>50</degree>
						<speed>200</speed>
					</task>
				</task>
			</object>
		</createSpawnPoint>
	</action>
	<action tile="115">
		<createShip>
			<name>Enemy5</name>
			<height>55</height>
			<width>49</width>
			<radius>25</radius>
			<texture name="spitter_body"/>
			<startCenter x="128" y="00"/>
			<health>60</health>
			<damageEffect name="Explosion" tag="3" animation="Explosion" fps="23"/>
			<deathEffect name="ExplosionBig"/>
			<task type="Parallel">
				<task type="RepeatingSequence">
					<task type="Parallel">
						<task type="StraightVelocity">
							<velocity x="100" y="50"/>
						</task>
						<task type="RepeatingTimer">
							<duration>3</duration>
						</task>
					</task>
					<task type="Parallel">
						<task type="StraightVelocity">
							<velocity x="-100" y="50"/>
						</task>
						<task type="RepeatingTimer">
							<duration>3</duration>
						</task>
					</task>
				</task>
				<task type="RotateToAngle">
					<degree>90</degree>
				</task>
				<task type="Fire"/>
			</task>
			<shipPart>
				<offsetDistance>35</offsetDistance>
				<fixedRotation>true</fixedRotation>
				<transfersDamage>true</transfersDamage>
				<createShip>
					<name>mouth</name>
					<height>19</height>
					<width>28</width>
					<bound>Rectangle</bound>
					<grabbable>false</grabbable>
					<texture name="spitter_mouth" tag="0"/>
					<shootAnimation name="spitter_mouth" fps="23"/>
					<startCenter x="320" y="50"/>
					<health>30</health>
					<damageEffect name="Explosion" tag="3" animation="Explosion" fps="23"/>
					<weapon type="Straight" angle="0">
						<delay>0.5</delay>
						<speed>400</speed>
						<shot>
							<damage>10</damage>
							<height>16</height>
							<width>16</width>
							<radius>8</radius>
							<blendMode>Additive</blendMode>
							<texture name="energyball"/>
							<animation name="energyball" fps="30"/>
						</shot>
					</weapon>
					<task type="Fire"/>
				</createShip>
			</shipPart>
		</createShip>
		<createShip>
			<name>Enemy6</name>
			<height>40</height>
			<width>40</width>
			<radius>20</radius>
			<texture name="virus1"/>
			<startCenter x="800" y="0"/>
			<health>40</health>
			<damageEffect name="Explosion" tag="3" animation="Explosion" fps="23"/>
			<deathEffect name="ExplosionBig"/>
			<task type="Sequence">
				<task type="Parallel">
					<task type="StraightVelocity">
						<velocity x="0" y="40"/>
					</task>
					<task type="RotateToAngle">
						<degree>-90</degree>
					</task>
					<task type="Timer">
						<duration>5</duration>
					</task>
				</task>
				<task type="SeekTarget">
					<target>Player</target>
					<speed>100</speed>
				</task>
			</task>
		</createShip>
	</action>
	<action tile="135">
		<createSpawnPoint>
			<delay>32</delay>
			<count>5</count>
			<name>W7_E1</name>
			<object>
				<height>32</height>
				<width>32</width>
				<radius>16</radius>
				<texture name="virus1"/>
				<health>10</health>
				<startCenter x="512" y="0"/>
				<damageEffect name="Explosion" tag="3" animation="Explosion" fps="23"/>
				<deathEffect name="ExplosionBig"/>
				<task type="StraightVelocity">
					<velocity x="0" y="240"/>
				</task>
			</object>
		</createSpawnPoint>
	</action>
	<action tile="140">
		<createSpawnPoint>
			<delay>32</delay>
			<count>5</count>
			<name>W7_E1</name>
			<object>
				<height>32</height>
				<width>32</width>
				<radius>16</radius>
				<texture name="virus1"/>
				<health>10</health>
				<startCenter x="192" y="0"/>
				<damageEffect name="Explosion" tag="3" animation="Explosion" fps="23"/>
				<deathEffect name="ExplosionBig"/>
				<task type="StraightVelocity">
					<velocity x="0" y="240"/>
				</task>
			</object>
		</createSpawnPoint>
		<createSpawnPoint>
			<delay>32</delay>
			<count>5</count>
			<name>W7_E1</name>
			<object>
				<height>32</height>
				<width>32</width>
				<radius>16</radius>
				<texture name="virus1"/>
				<health>10</health>
				<startCenter x="832" y="0"/>
				<damageEffect name="Explosion" tag="3" animation="Explosion" fps="23"/>
				<deathEffect name="ExplosionBig"/>
				<task type="StraightVelocity">
					<velocity x="0" y="240"/>
				</task>
			</object>
		</createSpawnPoint>
	</action>
	<action tile="153">
		<createShip>
			<name>Enemy7</name>
			<height>90</height>
			<width>90</width>
			<radius>45</radius>
			<texture name="virus1"/>
			<startCenter x="480" y="0"/>
			<health>50</health>
			<damageEffect name="Explosion" tag="3" animation="Explosion" fps="23"/>
			<deathEffect name="ExplosionBig"/>
			<weapon type="Straight" angle="0">
				<delay>0.85</delay>
				<speed>400</speed>
				<shot>
					<damage>10</damage>
					<height>16</height>
					<width>16</width>
					<radius>8</radius>
					<blendMode>Additive</blendMode>
					<texture name="shot_electric"/>
					<animation name="shot_electric" fps="8"/>
				</shot>
			</weapon>
			<weapon type="Straight" angle="-20">
				<delay>0.85</delay>
				<speed>400</speed>
				<shot>
					<damage>10</damage>
					<height>16</height>
					<width>16</width>
					<radius>8</radius>
					<blendMode>Additive</blendMode>
					<texture name="shot_electric"/>
					<animation name="shot_electric" fps="8"/>
				</shot>
			</weapon>
			<weapon type="Straight" angle="20">
				<delay>0.85</delay>
				<speed>400</speed>
				<shot>
					<damage>10</damage>
					<height>16</height>
					<width>16</width>
					<radius>8</radius>
					<blendMode>Additive</blendMode>
					<texture name="shot_electric"/>
					<animation name="shot_electric" fps="8"/>
				</shot>
			</weapon>
			<task type="Parallel">
				<task type="StraightVelocity">
					<velocity x="0" y="100"/>
				</task>
				<task type="RotateToAngle">
					<degree>90</degree>
				</task>
				<task type="Fire"/>
			</task>
		</createShip>
		<createShip>
			<name>Enemy8</name>
			<height>55</height>
			<width>49</width>
			<radius>25</radius>
			<texture name="spitter_body"/>
			<startCenter x="128" y="00"/>
			<health>30</health>
			<damageEffect name="Explosion" tag="3" animation="Explosion" fps="23"/>
			<deathEffect name="ExplosionBig"/>
			<task type="Parallel">
				<task type="RepeatingSequence">
					<task type="Parallel">
						<task type="StraightVelocity">
							<velocity x="180" y="0"/>
						</task>
						<task type="RepeatingTimer">
							<duration>0.7</duration>
						</task>
					</task>
					<task type="Parallel">
						<task type="StraightVelocity">
							<velocity x="-180" y="0"/>
						</task>
						<task type="RepeatingTimer">
							<duration>0.7</duration>
						</task>
					</task>
				</task>
				<task type="Stationary"/>
				<task type="RotateToAngle">
					<degree>90</degree>
				</task>
				<task type="Fire"/>
			</task>
			<shipPart>
				<offsetDistance>35</offsetDistance>
				<fixedRotation>true</fixedRotation>
				<transfersDamage>true</transfersDamage>
				<createShip>
					<name>mouth</name>
					<height>19</height>
					<width>28</width>
					<bound>Rectangle</bound>
					<grabbable>false</grabbable>
					<texture name="spitter_mouth" tag="0"/>
					<shootAnimation name="spitter_mouth" fps="23"/>
					<startCenter x="320" y="50"/>
					<health>30</health>
					<damageEffect name="Explosion" tag="3" animation="Explosion" fps="23"/>
					<weapon type="Straight" angle="0">
						<delay>0.5</delay>
						<speed>400</speed>
						<shot>
							<damage>7</damage>
							<height>16</height>
							<width>16</width>
							<radius>8</radius>
							<blendMode>Additive</blendMode>
							<texture name="energyball"/>
							<animation name="energyball" fps="30"/>
						</shot>
					</weapon>
					<task type="Fire"/>
				</createShip>
			</shipPart>
		</createShip>
		<createShip>
			<name>Enemy9</name>
			<height>55</height>
			<width>49</width>
			<radius>25</radius>
			<texture name="spitter_body"/>
			<startCenter x="832" y="00"/>
			<health>30</health>
			<damageEffect name="Explosion" tag="3" animation="Explosion" fps="23"/>
			<deathEffect name="ExplosionBig"/>
			<task type="Parallel">
				<task type="RepeatingSequence">
					<task type="Parallel">
						<task type="StraightVelocity">
							<velocity x="-180" y="0"/>
						</task>
						<task type="RepeatingTimer">
							<duration>0.7</duration>
						</task>
					</task>
					<task type="Parallel">
						<task type="StraightVelocity">
							<velocity x="180" y="0"/>
						</task>
						<task type="RepeatingTimer">
							<duration>0.7</duration>
						</task>
					</task>
				</task>
				<task type="Stationary"/>
				<task type="RotateToAngle">
					<degree>90</degree>
				</task>
				<task type="Fire"/>
			</task>
			<shipPart>
				<offsetDistance>35</offsetDistance>
				<fixedRotation>true</fixedRotation>
				<transfersDamage>true</transfersDamage>
				<createShip>
					<name>mouth</name>
					<height>19</height>
					<width>28</width>
					<bound>Rectangle</bound>
					<grabbable>false</grabbable>
					<texture name="spitter_mouth" tag="0"/>
					<shootAnimation name="spitter_mouth" fps="23"/>
					<startCenter x="320" y="50"/>
					<health>30</health>
					<damageEffect name="Explosion" tag="3" animation="Explosion" fps="23"/>
					<weapon type="Straight" angle="0">
						<delay>0.5</delay>
						<speed>400</speed>
						<shot>
							<damage>7</damage>
							<height>16</height>
							<width>16</width>
							<radius>8</radius>
							<blendMode>Additive</blendMode>
							<texture name="energyball"/>
							<animation name="energyball" fps="30"/>
						</shot>
					</weapon>
					<task type="Fire"/>
				</createShip>
			</shipPart>
		</createShip>
		<pleaseLoadBMP>
			<fileName>gate1.bmp</fileName>
		</pleaseLoadBMP>
	</action>
	<action tile="164">
		<changeFile>
			<fileName>Gate1.xml</fileName>
		</changeFile>
	</action>
</level>