﻿<?xml version="1.0" encoding="utf-8" ?>
<level>
	<action tile="0">
		<loadBMP>
			<fileName>level1.bmp</fileName>
		</loadBMP>
		<changeSpeed>
			<speed>80</speed>
		</changeSpeed>
	</action>
	<action tile="10">
		<createShip>
			<name>Enemy1</name>
			<height>94</height>
			<width>93</width>
			<radius>46</radius>
			<texture name="cell"/>
			<startCenter x="352" y="00"/>
			<health>30</health>
			<damageEffect name="Explosion" tag="3" animation="Explosion" fps="23"/>
			<deathEffect name="ExplosionBig"/>
			<weapon type="Straight" angle="0">
				<delay>0.75</delay>
				<speed>400</speed>
				<shot>
					<damage>5</damage>
					<height>16</height>
					<width>16</width>
					<radius>8</radius>
					<blendMode>Additive</blendMode>
					<texture name="energyball"/>
					<animation name="energyball" fps="30"/>
				</shot>
			</weapon>
			<task type="Parallel">
				<task type="RepeatingSequence">
					<task type="Parallel">
						<task type="StraightVelocity">
							<velocity x="100" y="50"/>
						</task>
						<task type="RepeatingTimer">
							<duration>2.7</duration>
						</task>
					</task>
					<task type="Parallel">
						<task type="StraightVelocity">
							<velocity x="-100" y="50"/>
						</task>
						<task type="RepeatingTimer">
							<duration>2.7</duration>
						</task>
					</task>
				</task>
				<task type="RotateToAngle">
					<degree>90</degree>
				</task>
				<task type="Fire"/>
			</task>
		</createShip>
	</action>
	<action tile="45">
		<createShip>
			<name>Enemy2</name>
			<height>94</height>
			<width>93</width>
			<radius>46</radius>
			<texture name="cell"/>
			<startCenter x="224" y="00"/>
			<health>50</health>
			<damageEffect name="Explosion" tag="3" animation="Explosion" fps="23"/>
			<deathEffect name="ExplosionBig"/>
			<weapon type="Straight" angle="0">
				<delay>0.75</delay>
				<speed>400</speed>
				<shot>
					<damage>10</damage>
					<height>32</height>
					<width>32</width>
					<radius>16</radius>
					<blendMode>Additive</blendMode>
					<texture name="shot_electric"/>
					<animation name="shot_electric" fps="8"/>
				</shot>
			</weapon>
			<task type="Parallel">
				<task type="RepeatingSequence">
					<task type="Parallel">
						<task type="StraightVelocity">
							<velocity x="100" y="50"/>
						</task>
						<task type="RepeatingTimer">
							<duration>1.3</duration>
						</task>
					</task>
					<task type="Parallel">
						<task type="StraightVelocity">
							<velocity x="-100" y="50"/>
						</task>
						<task type="RepeatingTimer">
							<duration>1.3</duration>
						</task>
					</task>
				</task>
				<task type="RotateToAngle">
					<degree>90</degree>
				</task>
				<task type="Fire"/>
			</task>
		</createShip>
		<createShip>
			<name>Enemy3</name>
			<height>94</height>
			<width>93</width>
			<radius>46</radius>
			<texture name="cell"/>
			<startCenter x="576" y="00"/>
			<health>50</health>
			<damageEffect name="Explosion" tag="3" animation="Explosion" fps="23"/>
			<deathEffect name="ExplosionBig"/>
			<weapon type="Straight" angle="0">
				<delay>0.75</delay>
				<speed>400</speed>
				<shot>
					<damage>10</damage>
					<height>32</height>
					<width>32</width>
					<radius>16</radius>
					<blendMode>Additive</blendMode>
					<texture name="shot_electric"/>
					<animation name="shot_electric" fps="8"/>
				</shot>
			</weapon>
			<task type="Parallel">
				<task type="RepeatingSequence">
					<task type="Parallel">
						<task type="StraightVelocity">
							<velocity x="-100" y="50"/>
						</task>
						<task type="RepeatingTimer">
							<duration>1.3</duration>
						</task>
					</task>
					<task type="Parallel">
						<task type="StraightVelocity">
							<velocity x="100" y="50"/>
						</task>
						<task type="RepeatingTimer">
							<duration>1.3</duration>
						</task>
					</task>
				</task>
				<task type="RotateToAngle">
					<degree>90</degree>
				</task>
				<task type="Fire"/>
			</task>
		</createShip>
	</action>
	<action tile="78">
		<createShip>
			<name>Enemy4</name>
			<height>90</height>
			<width>90</width>
			<radius>45</radius>
			<texture name="virus1"/>
			<startCenter x="608" y="0"/>
			<health>30</health>
			<damageEffect name="Explosion" tag="3" animation="Explosion" fps="23"/>
			<deathEffect name="ExplosionBig"/>
			<weapon type="Straight" angle="0">
				<delay>0.85</delay>
				<speed>400</speed>
				<shot>
					<damage>10</damage>
					<height>32</height>
					<width>32</width>
					<radius>16</radius>
					<blendMode>Additive</blendMode>
					<texture name="shot_electric"/>
					<animation name="shot_electric" fps="8"/>
				</shot>
			</weapon>
			<weapon type="Straight" angle="-20">
				<delay>0.85</delay>
				<speed>400</speed>
				<shot>
					<damage>10</damage>
					<height>32</height>
					<width>32</width>
					<radius>16</radius>
					<blendMode>Additive</blendMode>
					<texture name="shot_electric"/>
					<animation name="shot_electric" fps="8"/>
				</shot>
			</weapon>
			<weapon type="Straight" angle="20">
				<delay>0.85</delay>
				<speed>400</speed>
				<shot>
					<damage>10</damage>
					<height>32</height>
					<width>32</width>
					<radius>16</radius>
					<blendMode>Additive</blendMode>
					<texture name="shot_electric"/>
					<animation name="shot_electric" fps="8"/>
				</shot>
			</weapon>
			<task type="Parallel">
				<task type="StraightVelocity">
					<velocity x="0" y="60"/>
				</task>
				<task type="RotateToAngle">
					<degree>90</degree>
				</task>
				<task type="Fire"/>
			</task>
		</createShip>
	</action>
	<action tile="115">
		<createShip>
			<name>Enemy5</name>
			<height>94</height>
			<width>93</width>
			<radius>46</radius>
			<texture name="cell"/>
			<startCenter x="128" y="00"/>
			<health>60</health>
			<damageEffect name="Explosion" tag="3" animation="Explosion" fps="23"/>
			<deathEffect name="ExplosionBig"/>
			<weapon type="Straight" angle="0">
				<delay>0.75</delay>
				<speed>400</speed>
				<shot>
					<damage>15</damage>
					<height>32</height>
					<width>32</width>
					<radius>16</radius>
					<blendMode>Additive</blendMode>
					<texture name="shot_electric"/>
					<animation name="shot_electric" fps="8"/>
				</shot>
			</weapon>
			<task type="Parallel">
				<task type="RepeatingSequence">
					<task type="Parallel">
						<task type="StraightVelocity">
							<velocity x="100" y="50"/>
						</task>
						<task type="RepeatingTimer">
							<duration>3</duration>
						</task>
					</task>
					<task type="Parallel">
						<task type="StraightVelocity">
							<velocity x="-100" y="50"/>
						</task>
						<task type="RepeatingTimer">
							<duration>3</duration>
						</task>
					</task>
				</task>
				<task type="RotateToAngle">
					<degree>90</degree>
				</task>
				<task type="Fire"/>
			</task>
		</createShip>
		<createShip>
			<name>Enemy6</name>
			<height>40</height>
			<width>40</width>
			<radius>20</radius>
			<texture name="virus1"/>
			<startCenter x="800" y="0"/>
			<health>20</health>
			<damageEffect name="Explosion" tag="3" animation="Explosion" fps="23"/>
			<deathEffect name="ExplosionBig"/>
			<task type="Sequence">
				<task type="Parallel">
					<task type="StraightVelocity">
						<velocity x="0" y="40"/>
					</task>
					<task type="RotateToAngle">
						<degree>-90</degree>
					</task>
					<task type="Timer">
						<duration>11.2</duration>
					</task>
				</task>
				<task type="SeekTarget">
					<target>Player</target>
					<speed>100</speed>
				</task>
			</task>
		</createShip>
	</action>
	<action tile="153">
		<createShip>
			<name>Enemy7</name>
			<height>90</height>
			<width>90</width>
			<radius>45</radius>
			<texture name="virus1"/>
			<startCenter x="480" y="0"/>
			<health>30</health>
			<damageEffect name="Explosion" tag="3" animation="Explosion" fps="23"/>
			<deathEffect name="ExplosionBig"/>
			<weapon type="Straight" angle="0">
				<delay>0.85</delay>
				<speed>400</speed>
				<shot>
					<damage>10</damage>
					<height>32</height>
					<width>32</width>
					<radius>16</radius>
					<blendMode>Additive</blendMode>
					<texture name="shot_electric"/>
					<animation name="shot_electric" fps="8"/>
				</shot>
			</weapon>
			<weapon type="Straight" angle="-20">
				<delay>0.85</delay>
				<speed>400</speed>
				<shot>
					<damage>10</damage>
					<height>32</height>
					<width>32</width>
					<radius>16</radius>
					<blendMode>Additive</blendMode>
					<texture name="shot_electric"/>
					<animation name="shot_electric" fps="8"/>
				</shot>
			</weapon>
			<weapon type="Straight" angle="20">
				<delay>0.85</delay>
				<speed>400</speed>
				<shot>
					<damage>10</damage>
					<height>32</height>
					<width>32</width>
					<radius>16</radius>
					<blendMode>Additive</blendMode>
					<texture name="shot_electric"/>
					<animation name="shot_electric" fps="8"/>
				</shot>
			</weapon>
			<task type="Parallel">
				<task type="StraightVelocity">
					<velocity x="0" y="100"/>
				</task>
				<task type="RotateToAngle">
					<degree>90</degree>
				</task>
				<task type="Fire"/>
			</task>
		</createShip>
		<createShip>
			<name>Enemy8</name>
			<height>94</height>
			<width>93</width>
			<radius>46</radius>
			<texture name="cell"/>
			<startCenter x="128" y="00"/>
			<health>30</health>
			<damageEffect name="Explosion" tag="3" animation="Explosion" fps="23"/>
			<deathEffect name="ExplosionBig"/>
			<weapon type="Straight" angle="-45">
				<delay>0.75</delay>
				<speed>400</speed>
				<shot>
					<damage>5</damage>
					<height>32</height>
					<width>32</width>
					<radius>16</radius>
					<blendMode>Additive</blendMode>
					<texture name="shot_electric"/>
					<animation name="shot_electric" fps="8"/>
				</shot>
			</weapon>
			<task type="Parallel">
				<task type="StraightVelocity">
					<velocity x="0" y="100"/>
				</task>
				<task type="RotateToAngle">
					<degree>90</degree>
				</task>
				<task type="Fire"/>
			</task>
		</createShip>
		<createShip>
			<name>Enemy9</name>
			<height>94</height>
			<width>93</width>
			<radius>46</radius>
			<texture name="cell"/>
			<startCenter x="832" y="00"/>
			<health>30</health>
			<damageEffect name="Explosion" tag="3" animation="Explosion" fps="23"/>
			<deathEffect name="ExplosionBig"/>
			<weapon type="Straight" angle="45">
				<delay>0.75</delay>
				<speed>400</speed>
				<shot>
					<damage>5</damage>
					<height>32</height>
					<width>32</width>
					<radius>16</radius>
					<blendMode>Additive</blendMode>
					<texture name="shot_electric"/>
					<animation name="shot_electric" fps="8"/>
				</shot>
			</weapon>
			<task type="Parallel">
				<task type="StraightVelocity">
					<velocity x="0" y="100"/>
				</task>
				<task type="RotateToAngle">
					<degree>90</degree>
				</task>
				<task type="Fire"/>
			</task>
		</createShip>
		<pleaseLoadBMP>
			<fileName>gate1.bmp</fileName>
		</pleaseLoadBMP>
	</action>
	<action tile="164">
		<changeFile>
			<fileName>Gate1.xml</fileName>
		</changeFile>
	</action>
</level>