<?xml version="1.0" encoding="utf-8" ?>

<Texture>
	<Rectangle>
		<Name>Explosion</Name>
		<Tag>0</Tag>
		<PosX>0</PosX>
		<PosY>0</PosY>
		<Width>64</Width>
		<Height>64</Height>
	</Rectangle>
	<Rectangle>
		<Name>Explosion</Name>
		<Tag>1</Tag>
		<PosX>64</PosX>
		<PosY>0</PosY>
		<Width>64</Width>
		<Height>64</Height>
	</Rectangle>
	<Rectangle>
		<Name>Explosion</Name>
		<Tag>2</Tag>
		<PosX>128</PosX>
		<PosY>0</PosY>
		<Width>64</Width>
		<Height>64</Height>
	</Rectangle>
	<Rectangle>
		<Name>Explosion</Name>
		<Tag>3</Tag>
		<PosX>196</PosX>
		<PosY>0</PosY>
		<Width>64</Width>
		<Height>64</Height>
	</Rectangle>
	<Rectangle>
		<Name>Explosion</Name>
		<Tag>4</Tag>
		<PosX>0</PosX>
		<PosY>64</PosY>
		<Width>64</Width>
		<Height>64</Height>
	</Rectangle>
	<Rectangle>
		<Name>Explosion</Name>
		<Tag>5</Tag>
		<PosX>64</PosX>
		<PosY>64</PosY>
		<Width>64</Width>
		<Height>64</Height>
	</Rectangle>
	<Rectangle>
		<Name>Explosion</Name>
		<Tag>6</Tag>
		<PosX>128</PosX>
		<PosY>64</PosY>
		<Width>64</Width>
		<Height>64</Height>
	</Rectangle>
	<Rectangle>
		<Name>Explosion</Name>
		<Tag>7</Tag>
		<PosX>196</PosX>
		<PosY>64</PosY>
		<Width>64</Width>
		<Height>64</Height>
	</Rectangle>
	<Rectangle>
		<Name>Explosion</Name>
		<Tag>8</Tag>
		<PosX>0</PosX>
		<PosY>128</PosY>
		<Width>64</Width>
		<Height>64</Height>
	</Rectangle>
	<Rectangle>
		<Name>Explosion</Name>
		<Tag>9</Tag>
		<PosX>64</PosX>
		<PosY>128</PosY>
		<Width>64</Width>
		<Height>64</Height>
	</Rectangle>
	<Rectangle>
		<Name>Explosion</Name>
		<Tag>10</Tag>
		<PosX>128</PosX>
		<PosY>128</PosY>
		<Width>64</Width>
		<Height>64</Height>
	</Rectangle>
	<Rectangle>
		<Name>Explosion</Name>
		<Tag>11</Tag>
		<PosX>196</PosX>
		<PosY>128</PosY>
		<Width>64</Width>
		<Height>64</Height>
	</Rectangle>
	<Rectangle>
		<Name>Explosion</Name>
		<Tag>12</Tag>
		<PosX>0</PosX>
		<PosY>196</PosY>
		<Width>64</Width>
		<Height>64</Height>
	</Rectangle>
	<Rectangle>
		<Name>Explosion</Name>
		<Tag>13</Tag>
		<PosX>64</PosX>
		<PosY>196</PosY>
		<Width>64</Width>
		<Height>64</Height>
	</Rectangle>
	<Rectangle>
		<Name>Explosion</Name>
		<Tag>14</Tag>
		<PosX>128</PosX>
		<PosY>196</PosY>
		<Width>64</Width>
		<Height>64</Height>
	</Rectangle>
	<Rectangle>
		<Name>Explosion</Name>
		<Tag>15</Tag>
		<PosX>196</PosX>
		<PosY>196</PosY>
		<Width>64</Width>
		<Height>64</Height>
	</Rectangle>
</Texture>

